veterinary nurse,http://data.europa.eu/esco/occupation/24f1eb3a-e99c-4c38-9bda-ba2ba6bf9fa4,
veterinary receptionist,http://data.europa.eu/esco/occupation/f00154a5-d27f-429e-b9a4-1d65c672cee7,
gaming inspector,http://data.europa.eu/esco/occupation/379a4f3f-4985-4764-8b2f-037946da855d,
prison officer,http://data.europa.eu/esco/occupation/3327a087-cd36-4b02-ac1b-6455f59f9312,
crisis helpline operator,http://data.europa.eu/esco/occupation/92df4ee3-bce3-45f6-a693-597df1b96f43,
hotel butler,http://data.europa.eu/esco/occupation/e65a9b0e-7347-4f6e-945e-aaeee976ef6e,
usher,http://data.europa.eu/esco/occupation/7f346896-a4fb-47a1-9572-13398bc297a6,
hospitality establishment receptionist,http://data.europa.eu/esco/occupation/82025c02-9082-416c-998b-f51eb0359ee6,
railway sales agent,http://data.europa.eu/esco/occupation/9a99a5fe-875d-49b2-9b53-cc1b73be1659,
archivist,http://data.europa.eu/esco/occupation/e3b08984-19fe-4d51-a1b0-990676fc7234,
train conductor,http://data.europa.eu/esco/occupation/ea034d66-0d35-4891-b82c-6434cad2c76f,
ground steward/ground stewardess,http://data.europa.eu/esco/occupation/7153a12d-85e0-4123-87e9-46bb1a2dc929,
massage therapist,http://data.europa.eu/esco/occupation/9487f835-b5a9-4742-8ecf-35520911e28c,
motorcycle delivery person,http://data.europa.eu/esco/occupation/b5f6bb2c-0602-484d-a87f-9cac33f83010,
pharmacist,http://data.europa.eu/esco/occupation/7c132147-428b-4ea3-87e1-70f7abb691ce,
bicycle courier,http://data.europa.eu/esco/occupation/3a959644-beed-4afc-8e57-d5068ae6a43e,
cabin crew instructor,http://data.europa.eu/esco/occupation/d185c066-cddf-4a8c-a931-5eefc21fc2a1,
gaming inspector,http://data.europa.eu/esco/occupation/379a4f3f-4985-4764-8b2f-037946da855d,
rental service representative in air transport equipment,http://data.europa.eu/esco/occupation/601db24d-cc02-48f3-9939-8c8b41b34ef7,
rental service representative in construction and civil engineering machinery,http://data.europa.eu/esco/occupation/8dded776-dc04-4099-a32c-7c5a41ee00e1,
train driver,http://data.europa.eu/esco/occupation/81f6a814-1f4e-47d4-9c75-47977c7267ee,
roadside vehicle technician,http://data.europa.eu/esco/occupation/c0749528-ee2a-41bd-a1f6-c13825b5e569,
gaming dealer,http://data.europa.eu/esco/occupation/fb1a7aab-1e33-4712-b8e0-d335243aba58,
tourist information officer,http://data.europa.eu/esco/occupation/9b35eab1-2adc-4057-a620-181862656a19,
intermodal logistics manager,http://data.europa.eu/esco/occupation/a2ff6cc3-15fa-4f02-a457-8fd5df7aa29e,
private chef,http://data.europa.eu/esco/occupation/a256838b-0843-4ad2-a2fb-4531f94e63d8,
carriage driver,http://data.europa.eu/esco/occupation/2c90a752-43f0-483d-8f64-3ce5e4535aa8,
tram driver,http://data.europa.eu/esco/occupation/03e02554-15d1-4697-960c-8909e7d36f7e,
ICT help desk agent,http://data.europa.eu/esco/occupation/aaeec9a7-dc57-4485-890c-86b3eef735f9,
technical sales representative in hardware - plumbing and heating equipment, http://data.europa.eu/esco/occupation/4a13bafa-a2ac-4864-a278-176ea5969280,
ticket sales agent,http://data.europa.eu/esco/occupation/bdf2dd9d-6c92-46f4-a8e7-76c12302d3e7,
pharmacy technician,http://data.europa.eu/esco/occupation/7b74626d-b487-48a1-9e80-47faf9928210,
print studio supervisor,http://data.europa.eu/esco/occupation/4b536ea7-ebac-4f75-8356-94eb639f1ecc,
client relations manager,http://data.europa.eu/esco/occupation/725090a7-9943-4dae-8079-a6999d21ddba,
veterinary receptionist,http://data.europa.eu/esco/occupation/f00154a5-d27f-429e-b9a4-1d65c672cee7,
debt collector,http://data.europa.eu/esco/occupation/50a66df6-c141-4b4a-937a-d3bc55737ae3,
commercial sales representative,http://data.europa.eu/esco/occupation/14031d4a-6e99-442f-b4fe-18262b6432b2,
vehicle rental agent,http://data.europa.eu/esco/occupation/3cc87d40-f402-4f57-9353-4b36a031cfc5,
moving truck driver,http://data.europa.eu/esco/occupation/a504e79e-f146-4773-a1cf-2b15b9d614db,
lottery operator,http://data.europa.eu/esco/occupation/d18a8976-a283-42ad-9541-75c49396dbd7,
parking valet,http://data.europa.eu/esco/occupation/880a6cd1-2356-4994-8983-ac364763beaf,
interior architect,http://data.europa.eu/esco/occupation/efa81635-9125-4276-8902-9deb12170ea7,
rental service representative in video tapes and disks,http://data.europa.eu/esco/occupation/d6b339ed-8dc9-4281-8c91-c8287eceee40,
pawnbroker,http://data.europa.eu/esco/occupation/631aaef2-2d67-45c6-93a6-1b1abdf57542,
mover,http://data.europa.eu/esco/occupation/c84a055d-00fe-4789-a054-f4a62914ff6e,
usher,http://data.europa.eu/esco/occupation/7f346896-a4fb-47a1-9572-13398bc297a6,
trolley bus driver,http://data.europa.eu/esco/occupation/3a15ec1b-9250-41a0-9344-feb2956481b7,
wedding planner,http://data.europa.eu/esco/occupation/6662e56e-bc3d-4d9b-bed2-79d510d7c4ff,
technical sales representative,http://data.europa.eu/esco/occupation/c956be07-53a3-4b01-b8f8-f0c5a428eaa8,
pest management worker,http://data.europa.eu/esco/occupation/21cba86a-68c5-456c-aec2-cc04840b3c0e,
bank teller,http://data.europa.eu/esco/occupation/2ff9e53c-6e7f-42af-8d71-b5dd7f283089,
chief conductor,http://data.europa.eu/esco/occupation/9cee6106-04cf-401a-ae4c-b4b8652d6915,
rental service representative in cars and light motor vehicles,http://data.europa.eu/esco/occupation/f874980a-e08f-4a58-bc21-2ff3cf472ec5,
rental service representative in personal and household goods,http://data.europa.eu/esco/occupation/2bedd02b-aeeb-4ed8-b1ae-29a706638414,
rental service representative in agricultural machinery and equipment,http://data.europa.eu/esco/occupation/b972feaa-e2a6-4b22-9de4-18040f3f04eb,
aeronautical information specialist,http://data.europa.eu/esco/occupation/f470b785-643c-46f9-8b31-6085427ab7b8,
passenger fare controller,http://data.europa.eu/esco/occupation/7720f392-6ea0-4455-a805-7b7eef38a709,
rental service representative in machinery, equipment and tangible goods,http://data.europa.eu/esco/occupation/009d29de-5872-43be-8d9b-abd27f8c99f1
technical sales representative in the textile machinery industry,http://data.europa.eu/esco/occupation/d19932b3-169a-4cdf-a9cd-bdf8857b0184,
rental service representative in trucks,http://data.europa.eu/esco/occupation/a1da839e-9b70-4032-bb83-820790e77003,
lottery cashier,http://data.europa.eu/esco/occupation/3f32394b-f1b1-48ef-96ee-74405fb7c6b6,
tour operator representative,http://data.europa.eu/esco/occupation/b5d76ddd-f59a-491a-9543-f6c0e2d8a950,
locker room attendant,http://data.europa.eu/esco/occupation/1f1a45a8-8f5c-4b66-a8a1-e02490addc55,
technical sales representative in machinery and industrial equipment,http://data.europa.eu/esco/occupation/b6f4573d-659f-49ca-a885-850a48d01913,
move manager,http://data.europa.eu/esco/occupation/8f928d49-da89-4d07-9123-2151a4d276d4,
financial trader,http://data.europa.eu/esco/occupation/60bc7374-9fa1-4bbd-b936-2676fca0bfb6,
interior landscaper,http://data.europa.eu/esco/occupation/98af7387-3974-457a-aa57-5397d1ea3949,
rental service representative,http://data.europa.eu/esco/occupation/3900b684-6b4b-4133-b134-e1d129d60383,
car leasing agent,http://data.europa.eu/esco/occupation/38395ab3-766c-4c6c-8d96-430eff19ec8d,
telecommunications analyst,http://data.europa.eu/esco/occupation/c5d36eef-df20-47a8-a332-5b4358fa83e3,
kennel supervisor,http://data.europa.eu/esco/occupation/bc1748c7-29d6-43d5-a304-6b74f317ac26,
construction general contractor,http://data.europa.eu/esco/occupation/ba3bacd4-73e9-4861-a9c0-f89f1f28055a,
ICT help desk manager,http://data.europa.eu/esco/occupation/1242d99a-47f1-4a62-b884-33746db8a6ca,
swimming facility attendant,http://data.europa.eu/esco/occupation/4779055b-f769-4c6d-8e0e-088bb74cfce9,
rental service representative in recreational and sports goods,http://data.europa.eu/esco/occupation/a527f263-0feb-4d55-b416-0577e9dc7847,
insurance clerk,http://data.europa.eu/esco/occupation/9a39a143-d93c-4093-ba3b-47fb67ade318,
rental service representative in water transport equipment,http://data.europa.eu/esco/occupation/4e7a3641-7bd3-4290-9f0c-0e7ca776fb0e,
ship planner,http://data.europa.eu/esco/occupation/260b01cc-7dd6-4584-8863-cae5426819c6,
delivery driver,http://data.europa.eu/esco/occupation/0c408028-c48f-4df8-ba5d-c3d3be15f5a2,
technical sales representative in office machinery and equipment,http://data.europa.eu/esco/occupation/e6c298a4-62de-4b62-b48e-c5fdca8f6071,
after-sales service technician,http://data.europa.eu/esco/occupation/98e58946-3227-4f6c-a5d1-5892fe76883d,
property assistant,http://data.europa.eu/esco/occupation/c5c1c40f-d2b7-437f-b3e8-b9da48f6d728,
taxi driver,http://data.europa.eu/esco/occupation/6f7c1e84-8162-4c20-a575-b57ff624eef5,
post office counter clerk,http://data.europa.eu/esco/occupation/6a6e174e-cffa-49a9-9f2f-aa39c81cdee5,
waste broker,http://data.europa.eu/esco/occupation/e40e4a07-4246-4c6f-a51c-89d35b6fe75e,
advertising sales agent,http://data.europa.eu/esco/occupation/f5332f2d-3119-4194-8b5c-d0a5d97f55ef,
casino cashier,http://data.europa.eu/esco/occupation/961cbd1f-2a9b-4756-b227-67a1c23c94b6,
private chauffeur,http://data.europa.eu/esco/occupation/e75305db-9011-4ee0-ab62-8d41a98f807e,
rental service representative in office machinery and equipment,http://data.europa.eu/esco/occupation/56245067-16f0-43e7-84fa-4a1e794a6ac0,
chemical application specialist,http://data.europa.eu/esco/occupation/1b123879-8f0d-4793-8069-3dc21a08921a,
technical sales representative in chemical products,http://data.europa.eu/esco/occupation/bf2ca3bb-5fa5-41d9-a039-949cad61616d,
customer contact centre information clerk,http://data.europa.eu/esco/occupation/b7b75eb6-34bc-462d-b412-eed393cc1397,
masseur/masseuse,http://data.europa.eu/esco/occupation/1978c6ff-37b4-48f1-9aa6-88b9c568f74f,
consumer rights advisor,http://data.europa.eu/esco/occupation/cb60beab-7afb-4e99-8162-221abea68e6d,
railway sales agent,http://data.europa.eu/esco/occupation/9a99a5fe-875d-49b2-9b53-cc1b73be1659,
bodyguard,http://data.europa.eu/esco/occupation/f8e435dd-7aa9-4d7a-97c3-b3b5789b6b25,
cloak room attendant,http://data.europa.eu/esco/occupation/26087cc4-6226-41b0-9f97-9564ebe90dce,
equine dental technician,http://data.europa.eu/esco/occupation/32ef07df-1b0a-439a-916e-8289eb9f4895,
bus driver,http://data.europa.eu/esco/occupation/00cee175-1376-43fb-9f02-ba3d7a910a58,
office clerk,http://data.europa.eu/esco/occupation/6c999fc7-c6b7-4ef3-a4b9-af124a1783a2,
receptionist,http://data.europa.eu/esco/occupation/f7b04542-d8c7-42db-8475-e63b507cce82,
technical sales representative in agricultural machinery and equipment,http://data.europa.eu/esco/occupation/2d6a1cc1-cd13-42c5-a2b1-f0183bd0d253,
securities trader,http://data.europa.eu/esco/occupation/4bc4170d-f4df-44e4-a3be-394242ae3017,
pharmacy assistant,http://data.europa.eu/esco/occupation/c1a86d6d-7785-43e1-994b-958eba58fff7,
investment fund management assistant,http://data.europa.eu/esco/occupation/934c3572-37f4-4cdd-a4a4-017f5f7809e4,
real estate leasing manager,http://data.europa.eu/esco/occupation/cee31c49-abe9-4f29-ad10-5eefe63f2a57,
life coach,http://data.europa.eu/esco/occupation/fc85156e-4f0b-46c4-ba66-a3b17318d932,
telecommunications technician,http://data.europa.eu/esco/occupation/056bef79-c125-47ab-b6b9-8eed05c9458c,
technical sales representative in electronic and telecommunications equipment,http://data.europa.eu/esco/occupation/6e591f17-65c1-4a24-af2a-ca7862d4625e,
customer service representative,http://data.europa.eu/esco/occupation/13d1b2b4-99dd-44da-9734-c9f74bae18f7,
shiatsu practitioner,http://data.europa.eu/esco/occupation/b01affdd-c8a9-4121-bc50-a5be17f014eb,
ticket issuing clerk,http://data.europa.eu/esco/occupation/612430b3-dd43-4786-b823-0466c4953f66,
technical sales representative in mining and construction machinery,http://data.europa.eu/esco/occupation/52fcfdb9-9dcf-4591-aba5-45337f791a10,
park guide,http://data.europa.eu/esco/occupation/26105840-8abb-4f91-a888-1211cb798b0b,
live chat operator,http://data.europa.eu/esco/occupation/fde97584-d8e3-413e-a662-511c9055357e,
academic advisor,http://data.europa.eu/esco/occupation/abab3d6a-82b9-49bd-8a4b-7bc678130558,
admissions coordinator,http://data.europa.eu/esco/occupation/6e1b1bd7-9eec-4f10-bce7-94a27d9023e8,
guide,http://data.europa.eu/esco/occupation/b476f45f-2c79-44d5-a4d7-fa357aa83074,
ticket sales agent,http://data.europa.eu/esco/occupation/bdf2dd9d-6c92-46f4-a8e7-76c12302d3e7,
travel agent,http://data.europa.eu/esco/occupation/79f8f68c-5509-4119-9373-8bef1c364d31,
tourist information officer,http://data.europa.eu/esco/occupation/9b35eab1-2adc-4057-a620-181862656a19,
ticket issuing clerk,http://data.europa.eu/esco/occupation/612430b3-dd43-4786-b823-0466c4953f66,
mountain guide,http://data.europa.eu/esco/occupation/86e8e172-234d-4e85-b9ae-6a4aecc2c321,
travel agent,http://data.europa.eu/esco/occupation/79f8f68c-5509-4119-9373-8bef1c364d31,
hospitality establishment receptionist,http://data.europa.eu/esco/occupation/82025c02-9082-416c-998b-f51eb0359ee6,
tourist information centre manager,http://data.europa.eu/esco/occupation/f4e3dd1c-f86b-4a69-8887-547255eadc79,
ticket sales agent,http://data.europa.eu/esco/occupation/bdf2dd9d-6c92-46f4-a8e7-76c12302d3e7,
tourist animator,http://data.europa.eu/esco/occupation/8cc90646-fc23-445f-a95f-e28e6b5d5a05,
travel consultant,http://data.europa.eu/esco/occupation/291da1ab-1f90-426d-bbc5-60d0fa7d608b,
tourist information officer,http://data.europa.eu/esco/occupation/9b35eab1-2adc-4057-a620-181862656a19,
camping ground operative,http://data.europa.eu/esco/occupation/92b7776f-5d90-413d-b05f-51e429e28346,
hospitality entertainment manager,http://data.europa.eu/esco/occupation/4887c8a5-35d3-44c3-be69-346027e485f0,
hotel concierge,http://data.europa.eu/esco/occupation/1ae8d28e-407c-48ab-88ff-4cb25bfcdea6,
waiting list coordinator,http://data.europa.eu/esco/occupation/92be1fac-97c4-4d4d-ada7-f6aa07d6f316,
medical administrative assistant,http://data.europa.eu/esco/occupation/045f05f2-4ff8-46b2-9d08-e12a81657498,
doctors' surgery assistant,http://data.europa.eu/esco/occupation/0c041d1e-1841-4acb-b0a1-2c387a61bf65,
front line medical receptionist,http://data.europa.eu/esco/occupation/3469cbcc-5332-41dc-977a-29cf1b7ef7be,
chiropractic assistant,http://data.europa.eu/esco/occupation/66ca3643-e6f3-4c75-9300-40d813185b3e,
prosthetist-orthotist,http://data.europa.eu/esco/occupation/929b5c9d-2fbf-44f2-980d-2ac6c0dc212f,
university department head,http://data.europa.eu/esco/occupation/34852729-a2f6-4063-aa90-18b3d16754f7,
career guidance advisor,http://data.europa.eu/esco/occupation/5d0cc30d-068a-424c-8463-f42872a7149e,
communications lecturer,http://data.europa.eu/esco/occupation/49023c69-302f-4671-b26f-7229d1a53915,
dean of faculty,http://data.europa.eu/esco/occupation/e4ad2547-9188-4fbd-897a-c91b3c097779,
academic advisor,http://data.europa.eu/esco/occupation/abab3d6a-82b9-49bd-8a4b-7bc678130558,
journalism lecturer,http://data.europa.eu/esco/occupation/479ede81-bd51-4f3b-9d30-4910699fd211,
medical sales representative,http://data.europa.eu/esco/occupation/ab762f91-d737-485f-a85c-67cab92dee01,
sales processor,http://data.europa.eu/esco/occupation/73357956-f607-4baa-9ce6-03beb9b39da2,
customer contact centre information clerk,http://data.europa.eu/esco/occupation/b7b75eb6-34bc-462d-b412-eed393cc1397,
telephone switchboard operator,http://data.europa.eu/esco/occupation/0bf68df5-e808-4c27-abf2-6f85440f2d7f,
tourist animator,http://data.europa.eu/esco/occupation/8cc90646-fc23-445f-a95f-e28e6b5d5a05,
ticket sales agent,http://data.europa.eu/esco/occupation/bdf2dd9d-6c92-46f4-a8e7-76c12302d3e7,
ticket issuing clerk,http://data.europa.eu/esco/occupation/612430b3-dd43-4786-b823-0466c4953f66,
spa manager,http://data.europa.eu/esco/occupation/080fc550-b7ca-4576-aaf5-06fffbede994,
sales processor,http://data.europa.eu/esco/occupation/73357956-f607-4baa-9ce6-03beb9b39da2,
private detective,http://data.europa.eu/esco/occupation/771a47c9-9cf4-4368-9752-2a1ea5a783d7,
membership manager,http://data.europa.eu/esco/occupation/4ae470fc-bcf8-4704-abd5-e086ebb1552c,
radiographer,http://data.europa.eu/esco/occupation/7639a601-6db0-41ed-9fb0-813d9b8beb05,
customer service representative,http://data.europa.eu/esco/occupation/13d1b2b4-99dd-44da-9734-c9f74bae18f7,
train conductor,http://data.europa.eu/esco/occupation/ea034d66-0d35-4891-b82c-6434cad2c76f,
tram driver,http://data.europa.eu/esco/occupation/03e02554-15d1-4697-960c-8909e7d36f7e,
bus driver,http://data.europa.eu/esco/occupation/00cee175-1376-43fb-9f02-ba3d7a910a58,
trolley bus driver,http://data.europa.eu/esco/occupation/3a15ec1b-9250-41a0-9344-feb2956481b7,
railway passenger service agent,http://data.europa.eu/esco/occupation/9653fb92-ad48-4865-a471-f270302fa93b,
chief conductor,http://data.europa.eu/esco/occupation/9cee6106-04cf-401a-ae4c-b4b8652d6915,
librarian,http://data.europa.eu/esco/occupation/60f7eb23-a7ea-4cbe-98a5-1248291f62d5,
library assistant,http://data.europa.eu/esco/occupation/37b15470-3b2d-4ae0-816c-c7c06ed15c99,
library manager,http://data.europa.eu/esco/occupation/24d39e12-e104-49d3-8224-8b7a5f9b99d1,
conservation scientist,http://data.europa.eu/esco/occupation/e3cc09ba-7ad5-4411-940c-20613000863a,
court clerk,http://data.europa.eu/esco/occupation/0f63619d-63ea-4345-81f5-4673353fe8d2,
equality and inclusion manager,http://data.europa.eu/esco/occupation/949ab84f-5d76-4139-a568-45691b7ebc53,
immigration officer,http://data.europa.eu/esco/occupation/6296faea-1909-4943-b0e0-662b43ad855d,
survey enumerator,http://data.europa.eu/esco/occupation/a1cf1406-3632-494c-bff3-0bd5d5327d8f,
embassy counsellor,http://data.europa.eu/esco/occupation/a2494c65-11a8-4853-9371-c89333c33be1,
market research interviewer,http://data.europa.eu/esco/occupation/7843a4c6-a9f6-4095-94b9-45b384d4bd57,
street warden,http://data.europa.eu/esco/occupation/4cbe5a17-056c-489a-9f10-f9d816905000,
nature conservation officer,http://data.europa.eu/esco/occupation/80d880ec-3bae-45a2-a2d3-41345ee0b319,
consumer rights advisor,http://data.europa.eu/esco/occupation/cb60beab-7afb-4e99-8162-221abea68e6d,
immigration adviser,http://data.europa.eu/esco/occupation/e19fe26f-0759-4bb1-af71-5bbecf3df69f,
ombudsman,http://data.europa.eu/esco/occupation/666846b2-01ce-43f6-8cb7-f3be09fac4a2,
civil service administrative officer,http://data.europa.eu/esco/occupation/ffade2f4-2528-4dfd-b36a-6e4092be08ed,
corporate lawyer,http://data.europa.eu/esco/occupation/fdfce14e-992d-4ff4-9f9d-7a353c75654e,
minister of religion,http://data.europa.eu/esco/occupation/ed256ed0-0432-4969-8544-3e5e01a517a9,
marketeer,http://data.europa.eu/esco/occupation/4791e217-d607-40d5-9f84-df1d0a071cbc,
court administrative officer,http://data.europa.eu/esco/occupation/a7f63810-a21a-4e7e-8aa2-6637d14ea3c1,
airport security officer,http://data.europa.eu/esco/occupation/b00e9e89-fd8d-4655-b6a2-f58b17629473,
sport administrator,http://data.europa.eu/esco/occupation/20e39113-05f5-4184-94e2-f5e8e8c8d2ea,
verger,http://data.europa.eu/esco/occupation/589efb6c-9080-40b2-ab6a-144955675967,
tax compliance officer,http://data.europa.eu/esco/occupation/4a39fddb-17e7-4431-be03-613edab8d1c8,
pastoral worker,http://data.europa.eu/esco/occupation/665266cb-50dd-44a5-a920-ab04c67e251a,
social security officer,http://data.europa.eu/esco/occupation/4d750b7f-f40d-447c-ba90-f5fb0ee9ef27,
chaplain,http://data.europa.eu/esco/occupation/a4dd6eae-ca75-456f-829d-333671a7c186,
lawyer,http://data.europa.eu/esco/occupation/974d4eab-fbee-4c52-b16e-73bdd8c25b53,
real estate leasing manager,http://data.europa.eu/esco/occupation/cee31c49-abe9-4f29-ad10-5eefe63f2a57,
letting agent,http://data.europa.eu/esco/occupation/d261a6a4-7ea7-4295-a84e-f4b1a56990d7,
real estate surveyor,http://data.europa.eu/esco/occupation/bbefa1b2-521e-4d87-a7ad-9bbd0b32e271,
relocation officer,http://data.europa.eu/esco/occupation/2049d7ef-9ebe-41ae-b8b5-e97b77ee58a2,
real estate agent,http://data.europa.eu/esco/occupation/8ec8df02-e9dd-43b7-b416-5846ae0414ab,
property assistant,http://data.europa.eu/esco/occupation/c5c1c40f-d2b7-437f-b3e8-b9da48f6d728,
housing manager,http://data.europa.eu/esco/occupation/dd935705-d703-40ba-9ba7-2a8a2b7651b4,
customer contact centre information clerk,http://data.europa.eu/esco/occupation/b7b75eb6-34bc-462d-b412-eed393cc1397,
librarian,http://data.europa.eu/esco/occupation/60f7eb23-a7ea-4cbe-98a5-1248291f62d5,
information manager,http://data.europa.eu/esco/occupation/3765a20d-5160-4e8f-82f1-ad7872b9db24,
amusement and recreation attendant,http://data.europa.eu/esco/occupation/e31c83ac-cb74-4936-88f1-90ed0997b29b,
technical sales representative in chemical products,http://data.europa.eu/esco/occupation/bf2ca3bb-5fa5-41d9-a039-949cad61616d,
technical sales representative in hardware, plumbing and heating equipment,http://data.europa.eu/esco/occupation/4a13bafa-a2ac-4864-a278-176ea5969280
spa manager,http://data.europa.eu/esco/occupation/080fc550-b7ca-4576-aaf5-06fffbede994,
roadside vehicle technician,http://data.europa.eu/esco/occupation/c0749528-ee2a-41bd-a1f6-c13825b5e569,
technical sales representative in agricultural machinery and equipment,http://data.europa.eu/esco/occupation/2d6a1cc1-cd13-42c5-a2b1-f0183bd0d253,
technical sales representative in the textile machinery industry,http://data.europa.eu/esco/occupation/d19932b3-169a-4cdf-a9cd-bdf8857b0184,
tourist information officer,http://data.europa.eu/esco/occupation/9b35eab1-2adc-4057-a620-181862656a19,
technical sales representative in machinery and industrial equipment,http://data.europa.eu/esco/occupation/b6f4573d-659f-49ca-a885-850a48d01913,
advertising sales agent,http://data.europa.eu/esco/occupation/f5332f2d-3119-4194-8b5c-d0a5d97f55ef,
tourist information centre manager,http://data.europa.eu/esco/occupation/f4e3dd1c-f86b-4a69-8887-547255eadc79,
technical sales representative in office machinery and equipment,http://data.europa.eu/esco/occupation/e6c298a4-62de-4b62-b48e-c5fdca8f6071,
commercial sales representative,http://data.europa.eu/esco/occupation/14031d4a-6e99-442f-b4fe-18262b6432b2,
technical sales representative in electronic and telecommunications equipment,http://data.europa.eu/esco/occupation/6e591f17-65c1-4a24-af2a-ca7862d4625e,
technical sales representative in mining and construction machinery,http://data.europa.eu/esco/occupation/52fcfdb9-9dcf-4591-aba5-45337f791a10,
technical sales representative,http://data.europa.eu/esco/occupation/c956be07-53a3-4b01-b8f8-f0c5a428eaa8,
ticket sales agent,http://data.europa.eu/esco/occupation/bdf2dd9d-6c92-46f4-a8e7-76c12302d3e7,
ticket issuing clerk,http://data.europa.eu/esco/occupation/612430b3-dd43-4786-b823-0466c4953f66,
taxi driver,http://data.europa.eu/esco/occupation/6f7c1e84-8162-4c20-a575-b57ff624eef5,
rental service representative in agricultural machinery and equipment,http://data.europa.eu/esco/occupation/b972feaa-e2a6-4b22-9de4-18040f3f04eb,
vehicle rental agent,http://data.europa.eu/esco/occupation/3cc87d40-f402-4f57-9353-4b36a031cfc5,
rental service representative in trucks,http://data.europa.eu/esco/occupation/a1da839e-9b70-4032-bb83-820790e77003,
rental service representative in cars and light motor vehicles,http://data.europa.eu/esco/occupation/f874980a-e08f-4a58-bc21-2ff3cf472ec5,
rental service representative in recreational and sports goods,http://data.europa.eu/esco/occupation/a527f263-0feb-4d55-b416-0577e9dc7847,
rental service representative,http://data.europa.eu/esco/occupation/3900b684-6b4b-4133-b134-e1d129d60383,
rental service representative in video tapes and disks,http://data.europa.eu/esco/occupation/d6b339ed-8dc9-4281-8c91-c8287eceee40,
rental service representative in machinery, equipment and tangible goods,http://data.europa.eu/esco/occupation/009d29de-5872-43be-8d9b-abd27f8c99f1
rental service representative in water transport equipment,http://data.europa.eu/esco/occupation/4e7a3641-7bd3-4290-9f0c-0e7ca776fb0e,
rental service representative in air transport equipment,http://data.europa.eu/esco/occupation/601db24d-cc02-48f3-9939-8c8b41b34ef7,
rental service representative in construction and civil engineering machinery,http://data.europa.eu/esco/occupation/8dded776-dc04-4099-a32c-7c5a41ee00e1,
rental service representative in personal and household goods,http://data.europa.eu/esco/occupation/2bedd02b-aeeb-4ed8-b1ae-29a706638414,
rental service representative in office machinery and equipment,http://data.europa.eu/esco/occupation/56245067-16f0-43e7-84fa-4a1e794a6ac0,
shop assistant,http://data.europa.eu/esco/occupation/0b15375e-dfdd-4047-9efb-096e0aaee7d2,
guide,http://data.europa.eu/esco/occupation/b476f45f-2c79-44d5-a4d7-fa357aa83074,
mountain guide,http://data.europa.eu/esco/occupation/86e8e172-234d-4e85-b9ae-6a4aecc2c321,
vlogger,http://data.europa.eu/esco/occupation/51ec004e-aec8-4f89-b114-952bcc56b0b0,
blogger,http://data.europa.eu/esco/occupation/ac80b511-fd22-4edf-8570-e531704778bd,
online community manager,http://data.europa.eu/esco/occupation/137b1d11-c4bc-4016-89ba-45345d4c71f0,
community social worker,http://data.europa.eu/esco/occupation/ce53a1b2-2fec-4d04-9390-47fb3dd525f0,
matrose,http://data.europa.eu/esco/occupation/bd22a34c-1dc2-48df-a254-66e5d03dec12,
decksman,http://data.europa.eu/esco/occupation/ddb3e6a4-5bae-480a-a49a-748f93022892,
passenger fare controller,http://data.europa.eu/esco/occupation/7720f392-6ea0-4455-a805-7b7eef38a709,
helmsman,http://data.europa.eu/esco/occupation/6474e4d4-e3a6-4e88-83ee-971ebbf954e9,
assistant outdoor animator,http://data.europa.eu/esco/occupation/4dceca8d-9faf-487b-b342-c9d7dc209533,
outdoor animator,http://data.europa.eu/esco/occupation/67d8c64f-e0d9-4e0b-be8b-510f9e20e698,
outdoor activities coordinator,http://data.europa.eu/esco/occupation/6e298596-882b-4687-a0cf-3eb37f8fd328,
specialised outdoor animator,http://data.europa.eu/esco/occupation/a1b32703-a2e5-4e0a-910f-7cdd0293b52d,
activity leader,http://data.europa.eu/esco/occupation/234be692-befb-41df-bdf0-e1b2f4eaf5e7,
restaurant host/restaurant hostess,http://data.europa.eu/esco/occupation/a1b86a8b-ad91-4192-b386-bbf89bb11699,
survival instructor,http://data.europa.eu/esco/occupation/52a769ab-c899-4e8c-b31d-e5c2a01f32e3,
product manager,http://data.europa.eu/esco/occupation/9f508305-80ce-4111-8722-f2c9b4a44890,
flight attendant,http://data.europa.eu/esco/occupation/f20d3ae6-baeb-482c-b68d-c2fb115e5dde,
customer experience manager,http://data.europa.eu/esco/occupation/9c9752b7-3e3b-4a08-8553-b63a013f8072,
restaurant manager,http://data.europa.eu/esco/occupation/d5eb6150-bbff-4a9c-9d0c-21eab4dbe2b6,
railway passenger service agent,http://data.europa.eu/esco/occupation/9653fb92-ad48-4865-a471-f270302fa93b,
bed and breakfast operator,http://data.europa.eu/esco/occupation/2171a849-4065-411c-8390-835b7782ed8b,
road operations manager,http://data.europa.eu/esco/occupation/4ea620f2-5c75-49ee-85a0-b2fb6bbf3624,
ground steward/ground stewardess,http://data.europa.eu/esco/occupation/7153a12d-85e0-4123-87e9-46bb1a2dc929,
train conductor,http://data.europa.eu/esco/occupation/ea034d66-0d35-4891-b82c-6434cad2c76f,
cabin crew manager,http://data.europa.eu/esco/occupation/95f56fc4-99f9-49da-b942-1dfbc857e933,
guide,http://data.europa.eu/esco/occupation/b476f45f-2c79-44d5-a4d7-fa357aa83074,
mountain guide,http://data.europa.eu/esco/occupation/86e8e172-234d-4e85-b9ae-6a4aecc2c321,
crossing guard,http://data.europa.eu/esco/occupation/12da0bb1-26c8-46eb-9476-797f4f1c441e,
civil enforcement officer,http://data.europa.eu/esco/occupation/b8b98b65-7db2-43f8-8ac4-2f1903984e7b,
mountain guide,http://data.europa.eu/esco/occupation/86e8e172-234d-4e85-b9ae-6a4aecc2c321,
home care aide,http://data.europa.eu/esco/occupation/1391bdf9-bd61-4fb5-91ca-c29036ab2b60,
companion,http://data.europa.eu/esco/occupation/d5954a2b-a525-45b7-b6d9-b62efafc6c78,
escort,http://data.europa.eu/esco/occupation/db20c08e-819e-4410-91e2-6ac06add4e27,
home care aide,http://data.europa.eu/esco/occupation/1391bdf9-bd61-4fb5-91ca-c29036ab2b60,
companion,http://data.europa.eu/esco/occupation/d5954a2b-a525-45b7-b6d9-b62efafc6c78,
mountain guide,http://data.europa.eu/esco/occupation/86e8e172-234d-4e85-b9ae-6a4aecc2c321,
residential care home worker,http://data.europa.eu/esco/occupation/81309031-dad2-4a7a-bde6-7f6e518f89ff,
child day care worker,http://data.europa.eu/esco/occupation/3f74aad8-2d60-4be2-b059-8dba5568d530,
child welfare worker,http://data.europa.eu/esco/occupation/2ae76ccc-f02e-4eb6-b693-fff70ba8f409,
disability support worker,http://data.europa.eu/esco/occupation/9c55aa23-e3f2-4c00-8c90-5ed5204951a3,
foster care support worker,http://data.europa.eu/esco/occupation/1f5932eb-b36d-44e1-a063-7aa9e228af51,
housing support worker,http://data.europa.eu/esco/occupation/4edbde9f-218e-49c7-812f-c45262fb4128,
residential home young people care worker,http://data.europa.eu/esco/occupation/6667bf29-a3e3-4513-a71b-82c67206045b,
family support worker,http://data.europa.eu/esco/occupation/4c89c65c-4e35-44e3-8fa0-5d73e9e15325,
adult community care worker,http://data.europa.eu/esco/occupation/c6239b9e-5973-4b0a-a2ed-4c4b41331e04,
residential home older adult care worker,http://data.europa.eu/esco/occupation/50743f62-3d5b-4ef6-b706-00d2b1adfcc3,
mental health support worker,http://data.europa.eu/esco/occupation/5a9acd29-666c-4ca1-b10e-e086584a526b,
residential childcare worker,http://data.europa.eu/esco/occupation/4d7d2628-1405-4ff2-b5b5-bd0d57ed9bbd,
care at home worker,http://data.europa.eu/esco/occupation/f4525ed8-54eb-4a3b-90db-55cc01b0d9fd,
social care worker,http://data.europa.eu/esco/occupation/8d703e8f-1e57-4246-8a6b-cb87a760d4ab,
residential home adult care worker,http://data.europa.eu/esco/occupation/78f474ae-c154-4206-ad0f-d8a00e9c541e,
squadron leader,http://data.europa.eu/esco/occupation/e44b2459-af5e-492d-9c57-d9c2e62944e7,
infantry soldier,http://data.europa.eu/esco/occupation/bd5a2f44-fc06-45fd-909b-3a4001c8b8a3,
restaurant host/restaurant hostess,http://data.europa.eu/esco/occupation/a1b86a8b-ad91-4192-b386-bbf89bb11699,
club host/club hostess,http://data.europa.eu/esco/occupation/d1fc31d2-38e1-4000-85b7-3f82d2fbed9e,
spa attendant,http://data.europa.eu/esco/occupation/2d5a50c6-0bf4-45c3-805c-44d1bf1e3d12,
crowd controller,http://data.europa.eu/esco/occupation/8fc3d559-d61c-418c-ad4a-bf4c6b2909e3,
usher,http://data.europa.eu/esco/occupation/7f346896-a4fb-47a1-9572-13398bc297a6,
front of house manager,http://data.europa.eu/esco/occupation/db4057de-0c5a-4f68-8f81-2c0765978afb,
gate guard,http://data.europa.eu/esco/occupation/842d4d83-7e18-493a-a4a6-3f2a36504b18,
club host/club hostess,http://data.europa.eu/esco/occupation/d1fc31d2-38e1-4000-85b7-3f82d2fbed9e,
door supervisor,http://data.europa.eu/esco/occupation/7e17f4ea-9565-41e0-b408-b52b5c9492a3,
marketing assistant,http://data.europa.eu/esco/occupation/47e81c7f-2d04-4a60-a8ff-9913c36d8344,
promotion assistant,http://data.europa.eu/esco/occupation/21af40bb-2ae3-4fc7-9b28-d2cdd8308912,
night auditor,http://data.europa.eu/esco/occupation/6e6e44ba-d9f0-403b-93d4-a8d4bd67787a,
hospitality establishment receptionist,http://data.europa.eu/esco/occupation/82025c02-9082-416c-998b-f51eb0359ee6,
receptionist,http://data.europa.eu/esco/occupation/f7b04542-d8c7-42db-8475-e63b507cce82,
usher,http://data.europa.eu/esco/occupation/7f346896-a4fb-47a1-9572-13398bc297a6,
club host/club hostess,http://data.europa.eu/esco/occupation/d1fc31d2-38e1-4000-85b7-3f82d2fbed9e,
flight attendant,http://data.europa.eu/esco/occupation/f20d3ae6-baeb-482c-b68d-c2fb115e5dde,
beauty salon attendant,http://data.europa.eu/esco/occupation/d3fd0898-51f7-42a3-8f44-09408fc796f6,
hotel concierge,http://data.europa.eu/esco/occupation/1ae8d28e-407c-48ab-88ff-4cb25bfcdea6,
quick service restaurant crew member,http://data.europa.eu/esco/occupation/96a0d8d3-d4a6-473d-80d6-b5dbadde940a,
spa attendant,http://data.europa.eu/esco/occupation/2d5a50c6-0bf4-45c3-805c-44d1bf1e3d12,
hospitality establishment receptionist,http://data.europa.eu/esco/occupation/82025c02-9082-416c-998b-f51eb0359ee6,
bed and breakfast operator,http://data.europa.eu/esco/occupation/2171a849-4065-411c-8390-835b7782ed8b,
steward/stewardess,http://data.europa.eu/esco/occupation/58ff0ec2-08ba-4b21-b765-babb6d76ca36,
hotel butler,http://data.europa.eu/esco/occupation/e65a9b0e-7347-4f6e-945e-aaeee976ef6e,
train attendant,http://data.europa.eu/esco/occupation/fa1aef45-49a4-4446-94b4-e2b563d9d025,
camping ground operative,http://data.europa.eu/esco/occupation/92b7776f-5d90-413d-b05f-51e429e28346,
head waiter/head waitress,http://data.europa.eu/esco/occupation/53ed8787-3423-4843-8c63-7be1877d29e2,
funeral services director,http://data.europa.eu/esco/occupation/857ed740-f4ae-43d0-8295-d6181f1d7eed,
hotel porter,http://data.europa.eu/esco/occupation/3cc51201-cd20-47f8-92ad-4d5861f963cf,
doorman/doorwoman,http://data.europa.eu/esco/occupation/43ee9c1a-59c2-48ee-afcd-c384dca92162,
barista,http://data.europa.eu/esco/occupation/bf7d8b16-4e2c-48ef-b44e-dc25b2d0ab61,
laundromat attendant,http://data.europa.eu/esco/occupation/e16e4cb0-6f7d-4bf9-8f90-d1d866ad229b,
night auditor,http://data.europa.eu/esco/occupation/6e6e44ba-d9f0-403b-93d4-a8d4bd67787a,
cloak room attendant,http://data.europa.eu/esco/occupation/26087cc4-6226-41b0-9f97-9564ebe90dce,
funeral attendant,http://data.europa.eu/esco/occupation/d7607255-746f-4ad4-bb4e-812e73d24983,
domestic butler,http://data.europa.eu/esco/occupation/74cbe6fb-336f-4f3f-8c8f-7645b279a231,
quick service restaurant team leader,http://data.europa.eu/esco/occupation/4a1125ee-5728-4b1f-b655-7b8eb2e27660,
amusement and recreation attendant,http://data.europa.eu/esco/occupation/e31c83ac-cb74-4936-88f1-90ed0997b29b,
restaurant host/restaurant hostess,http://data.europa.eu/esco/occupation/a1b86a8b-ad91-4192-b386-bbf89bb11699,
head waiter/head waitress,http://data.europa.eu/esco/occupation/53ed8787-3423-4843-8c63-7be1877d29e2,
club host/club hostess,http://data.europa.eu/esco/occupation/d1fc31d2-38e1-4000-85b7-3f82d2fbed9e,
waiter/waitress,http://data.europa.eu/esco/occupation/d5db9d5c-2ebf-4a54-a79a-1b7e7ff70471,
chief conductor,http://data.europa.eu/esco/occupation/9cee6106-04cf-401a-ae4c-b4b8652d6915,
carriage driver,http://data.europa.eu/esco/occupation/2c90a752-43f0-483d-8f64-3ce5e4535aa8,
train conductor,http://data.europa.eu/esco/occupation/ea034d66-0d35-4891-b82c-6434cad2c76f,
mountain guide,http://data.europa.eu/esco/occupation/86e8e172-234d-4e85-b9ae-6a4aecc2c321,
tour organiser,http://data.europa.eu/esco/occupation/5b9a678a-7c35-4c50-a804-754b82652ee6,
laundromat attendant,http://data.europa.eu/esco/occupation/e16e4cb0-6f7d-4bf9-8f90-d1d866ad229b,
betting manager,http://data.europa.eu/esco/occupation/87e40e79-16fb-4391-9dcb-c15f40e026c1,
equine dental technician,http://data.europa.eu/esco/occupation/32ef07df-1b0a-439a-916e-8289eb9f4895,
market vendor,http://data.europa.eu/esco/occupation/c822ca35-6c36-4eab-97fa-90f2775091c3,
rental service representative in trucks,http://data.europa.eu/esco/occupation/a1da839e-9b70-4032-bb83-820790e77003,
personal stylist,http://data.europa.eu/esco/occupation/d5ce0c23-6f8a-459f-9bf9-a7cb9768740a,
club host/club hostess,http://data.europa.eu/esco/occupation/d1fc31d2-38e1-4000-85b7-3f82d2fbed9e,
rental service representative in water transport equipment,http://data.europa.eu/esco/occupation/4e7a3641-7bd3-4290-9f0c-0e7ca776fb0e,
rental service representative in office machinery and equipment,http://data.europa.eu/esco/occupation/56245067-16f0-43e7-84fa-4a1e794a6ac0,
cocktail bartender,http://data.europa.eu/esco/occupation/e20816a9-51d0-410b-b2c6-cbc22c1c4256,
rental service representative,http://data.europa.eu/esco/occupation/3900b684-6b4b-4133-b134-e1d129d60383,
door to door seller,http://data.europa.eu/esco/occupation/ae73f0dc-05a7-4e23-a234-9bb7e6d86975,
rental service representative in cars and light motor vehicles,http://data.europa.eu/esco/occupation/f874980a-e08f-4a58-bc21-2ff3cf472ec5,
ICT help desk agent,http://data.europa.eu/esco/occupation/aaeec9a7-dc57-4485-890c-86b3eef735f9,
rental service representative in construction and civil engineering machinery,http://data.europa.eu/esco/occupation/8dded776-dc04-4099-a32c-7c5a41ee00e1,
bookmaker,http://data.europa.eu/esco/occupation/264e1a4a-5074-47e2-a6d9-d225d48e8a9a,
rental service representative in video tapes and disks,http://data.europa.eu/esco/occupation/d6b339ed-8dc9-4281-8c91-c8287eceee40,
head sommelier,http://data.europa.eu/esco/occupation/a20e4b15-a128-49b9-a06a-e790e3bd5c68,
street food vendor,http://data.europa.eu/esco/occupation/e982a28b-9de2-460c-b85d-0f65ea0aa3ca,
gambling manager,http://data.europa.eu/esco/occupation/146f2c99-3f8b-4856-95ba-3ecfea681809,
rental service representative in recreational and sports goods,http://data.europa.eu/esco/occupation/a527f263-0feb-4d55-b416-0577e9dc7847,
promotions demonstrator,http://data.europa.eu/esco/occupation/056f1849-7ff8-4d6f-9b8a-176a610bba44,
rental service representative in machinery, equipment and tangible goods,http://data.europa.eu/esco/occupation/009d29de-5872-43be-8d9b-abd27f8c99f1
rental service representative in air transport equipment,http://data.europa.eu/esco/occupation/601db24d-cc02-48f3-9939-8c8b41b34ef7,
performance rental technician,http://data.europa.eu/esco/occupation/47e4135b-95d1-4462-920c-afcbd7c4d9be,
sommelier,http://data.europa.eu/esco/occupation/499f80e3-860c-48ef-8286-be929a93e254,
car leasing agent,http://data.europa.eu/esco/occupation/38395ab3-766c-4c6c-8d96-430eff19ec8d,
head chef,http://data.europa.eu/esco/occupation/01484951-15e6-4b88-a20f-1201868d36a0,
rental service representative in personal and household goods,http://data.europa.eu/esco/occupation/2bedd02b-aeeb-4ed8-b1ae-29a706638414,
rental service representative in agricultural machinery and equipment,http://data.europa.eu/esco/occupation/b972feaa-e2a6-4b22-9de4-18040f3f04eb,
waiter/waitress,http://data.europa.eu/esco/occupation/d5db9d5c-2ebf-4a54-a79a-1b7e7ff70471,
restaurant host/restaurant hostess,http://data.europa.eu/esco/occupation/a1b86a8b-ad91-4192-b386-bbf89bb11699,
personal shopper,http://data.europa.eu/esco/occupation/f8da6546-0c8a-4bd0-a952-6f3c253c9aba,
hawker,http://data.europa.eu/esco/occupation/b059d331-2dd9-4d7d-923e-1dd029d2e58c,
post office counter clerk,http://data.europa.eu/esco/occupation/6a6e174e-cffa-49a9-9f2f-aa39c81cdee5,
renewable energy sales representative,http://data.europa.eu/esco/occupation/ff3a164d-4045-4511-a472-49093dabf9fc,
debt collector,http://data.europa.eu/esco/occupation/50a66df6-c141-4b4a-937a-d3bc55737ae3,
renewable energy consultant,http://data.europa.eu/esco/occupation/114e1eff-215e-47df-8e10-45a5b72f8197,
electricity sales representative,http://data.europa.eu/esco/occupation/4c6b3657-316e-43b5-872a-ea763411190d,
solar energy sales consultant,http://data.europa.eu/esco/occupation/fd4b90ed-6bb4-447e-b13a-afb8015700b3,
domestic energy assessor,http://data.europa.eu/esco/occupation/09e070ce-0afe-40bb-be90-530e5d42cdbd,
tour organiser,http://data.europa.eu/esco/occupation/5b9a678a-7c35-4c50-a804-754b82652ee6,
tourist information officer,http://data.europa.eu/esco/occupation/9b35eab1-2adc-4057-a620-181862656a19,
legal guardian,http://data.europa.eu/esco/occupation/021663ca-a367-472e-a1f0-6d8ab5b2d860,
tour operator representative,http://data.europa.eu/esco/occupation/b5d76ddd-f59a-491a-9543-f6c0e2d8a950,
cloak room attendant,http://data.europa.eu/esco/occupation/26087cc4-6226-41b0-9f97-9564ebe90dce,
locker room attendant,http://data.europa.eu/esco/occupation/1f1a45a8-8f5c-4b66-a8a1-e02490addc55,
school bus attendant,http://data.europa.eu/esco/occupation/78eacaf8-06d6-4b78-920f-edece2e41464,
private chauffeur,http://data.europa.eu/esco/occupation/e75305db-9011-4ee0-ab62-8d41a98f807e,
carriage driver,http://data.europa.eu/esco/occupation/2c90a752-43f0-483d-8f64-3ce5e4535aa8,
parking valet,http://data.europa.eu/esco/occupation/880a6cd1-2356-4994-8983-ac364763beaf,
funeral services director,http://data.europa.eu/esco/occupation/857ed740-f4ae-43d0-8295-d6181f1d7eed,
funeral attendant,http://data.europa.eu/esco/occupation/d7607255-746f-4ad4-bb4e-812e73d24983,
tourist information officer,http://data.europa.eu/esco/occupation/9b35eab1-2adc-4057-a620-181862656a19,
usher,http://data.europa.eu/esco/occupation/7f346896-a4fb-47a1-9572-13398bc297a6,
chief conductor,http://data.europa.eu/esco/occupation/9cee6106-04cf-401a-ae4c-b4b8652d6915,
private chauffeur,http://data.europa.eu/esco/occupation/e75305db-9011-4ee0-ab62-8d41a98f807e,
bus driver,http://data.europa.eu/esco/occupation/00cee175-1376-43fb-9f02-ba3d7a910a58,
train conductor,http://data.europa.eu/esco/occupation/ea034d66-0d35-4891-b82c-6434cad2c76f,
railway passenger service agent,http://data.europa.eu/esco/occupation/9653fb92-ad48-4865-a471-f270302fa93b,
waiter/waitress,http://data.europa.eu/esco/occupation/d5db9d5c-2ebf-4a54-a79a-1b7e7ff70471,
restaurant host/restaurant hostess,http://data.europa.eu/esco/occupation/a1b86a8b-ad91-4192-b386-bbf89bb11699,
tour operator representative,http://data.europa.eu/esco/occupation/b5d76ddd-f59a-491a-9543-f6c0e2d8a950,
hospitality establishment receptionist,http://data.europa.eu/esco/occupation/82025c02-9082-416c-998b-f51eb0359ee6,
hotel porter,http://data.europa.eu/esco/occupation/3cc51201-cd20-47f8-92ad-4d5861f963cf,
doorman/doorwoman,http://data.europa.eu/esco/occupation/43ee9c1a-59c2-48ee-afcd-c384dca92162,
waiter/waitress,http://data.europa.eu/esco/occupation/d5db9d5c-2ebf-4a54-a79a-1b7e7ff70471,
head waiter/head waitress,http://data.europa.eu/esco/occupation/53ed8787-3423-4843-8c63-7be1877d29e2,
ticket sales agent,http://data.europa.eu/esco/occupation/bdf2dd9d-6c92-46f4-a8e7-76c12302d3e7,
tour organiser,http://data.europa.eu/esco/occupation/5b9a678a-7c35-4c50-a804-754b82652ee6,
ticket issuing clerk,http://data.europa.eu/esco/occupation/612430b3-dd43-4786-b823-0466c4953f66,
guide,http://data.europa.eu/esco/occupation/b476f45f-2c79-44d5-a4d7-fa357aa83074,
tourist animator,http://data.europa.eu/esco/occupation/8cc90646-fc23-445f-a95f-e28e6b5d5a05,
camping ground operative,http://data.europa.eu/esco/occupation/92b7776f-5d90-413d-b05f-51e429e28346,
hotel concierge,http://data.europa.eu/esco/occupation/1ae8d28e-407c-48ab-88ff-4cb25bfcdea6,
home care aide,http://data.europa.eu/esco/occupation/1391bdf9-bd61-4fb5-91ca-c29036ab2b60,
night auditor,http://data.europa.eu/esco/occupation/6e6e44ba-d9f0-403b-93d4-a8d4bd67787a,
hospitality establishment receptionist,http://data.europa.eu/esco/occupation/82025c02-9082-416c-998b-f51eb0359ee6,
child day care worker,http://data.europa.eu/esco/occupation/3f74aad8-2d60-4be2-b059-8dba5568d530,
special educational needs teacher secondary school,http://data.europa.eu/esco/occupation/034cad59-e666-4770-a7ef-a337257f8072,
special educational needs teacher primary school,http://data.europa.eu/esco/occupation/f89b12a1-689f-4a4f-8695-abb620810f1e,
special educational needs teacher,http://data.europa.eu/esco/occupation/976cbfcc-8958-4800-a435-71d15405a42a,
decksman,http://data.europa.eu/esco/occupation/ddb3e6a4-5bae-480a-a49a-748f93022892,
helmsman,http://data.europa.eu/esco/occupation/6474e4d4-e3a6-4e88-83ee-971ebbf954e9,
matrose,http://data.europa.eu/esco/occupation/bd22a34c-1dc2-48df-a254-66e5d03dec12,
passenger fare controller,http://data.europa.eu/esco/occupation/7720f392-6ea0-4455-a805-7b7eef38a709,
promotions demonstrator,http://data.europa.eu/esco/occupation/056f1849-7ff8-4d6f-9b8a-176a610bba44,
hawker,http://data.europa.eu/esco/occupation/b059d331-2dd9-4d7d-923e-1dd029d2e58c,
animal feed nutritionist,http://data.europa.eu/esco/occupation/e97ce81a-cf24-4012-b39e-f87bedc5b450,
prepared meals nutritionist,http://data.europa.eu/esco/occupation/c37d0026-989b-4705-9bcb-30cccd8308fa,
food grader,http://data.europa.eu/esco/occupation/b4306d87-7992-47fc-914a-4485a4e7003c,
dietetic technician,http://data.europa.eu/esco/occupation/68bc2af1-96ea-4ec2-8b2f-5cde76472135,
food analyst,http://data.europa.eu/esco/occupation/33fe4c90-c4fd-4860-bdc5-24fcab16f45a,
extract mixer tester,http://data.europa.eu/esco/occupation/78ddc0cc-166e-437e-9c41-48aa0a6c6f93,
pastry maker,http://data.europa.eu/esco/occupation/ff42d44c-34f8-46be-ad3a-2aad9a5e43f0,
chocolatier,http://data.europa.eu/esco/occupation/35f62568-eb4e-4a09-9d83-ecc73116f94c,
confectioner,http://data.europa.eu/esco/occupation/e00c46c4-bd3c-4d88-8d30-fc6f951554bd,
baker,http://data.europa.eu/esco/occupation/1aadb308-432a-4d01-b54b-b4f7f76dd419,
food and beverage packaging technologist,http://data.europa.eu/esco/occupation/8a925aca-f636-437c-8962-5deae170e246,
malt kiln operator,http://data.europa.eu/esco/occupation/7309ab2d-e2ba-4ccb-b658-6b0a8bd8c4eb,
master coffee roaster,http://data.europa.eu/esco/occupation/a2a126ac-d90d-4e9f-97d1-9b8dff2ff946,
dairy products manufacturing worker,http://data.europa.eu/esco/occupation/87cb6ef5-fa94-4af4-9511-6fe64c463835,
water treatment systems operator,http://data.europa.eu/esco/occupation/1ab184b6-de00-4476-ba1d-c6a71c668be3,
baking operator,http://data.europa.eu/esco/occupation/5d9e63a2-8013-434e-9f92-3b3d54a0c320,
milk heat treatment process operator,http://data.europa.eu/esco/occupation/b69d9b94-a40c-434d-af8f-e584257314f6,
chocolatier,http://data.europa.eu/esco/occupation/35f62568-eb4e-4a09-9d83-ecc73116f94c,
coffee roaster,http://data.europa.eu/esco/occupation/36b11444-8634-4194-b679-ed302acdfb22,
brew house operator,http://data.europa.eu/esco/occupation/1e3c569b-e7ef-46b4-943a-2768a9969961,
cacao bean roaster,http://data.europa.eu/esco/occupation/6725a5bb-b79d-4128-9494-089389ae2a48,
confectioner,http://data.europa.eu/esco/occupation/e00c46c4-bd3c-4d88-8d30-fc6f951554bd,
private chef,http://data.europa.eu/esco/occupation/a256838b-0843-4ad2-a2fb-4531f94e63d8,
pastry chef,http://data.europa.eu/esco/occupation/8f10ea9b-bfdf-4a4c-9fa7-b6e02daa93e5,
fish production operator,http://data.europa.eu/esco/occupation/83de6811-975d-4f7c-b81e-604c0c17e800,
fish cook,http://data.europa.eu/esco/occupation/b9de6d8b-1cf6-4722-bf8c-d73aad03bf87,
fish trimmer,http://data.europa.eu/esco/occupation/6c39cf1c-7332-41c1-86c3-6ed3daf3c479,
fish preparation operator,http://data.europa.eu/esco/occupation/c0386702-0699-4550-920b-1f7027c9a3d9,
chilling operator,http://data.europa.eu/esco/occupation/2a2da883-8af5-4b98-832e-00e6681b22c3,
meat preparations operator,http://data.europa.eu/esco/occupation/7e33b166-4a6d-40f3-8048-83b3a9d3ef49,
meat cutter,http://data.europa.eu/esco/occupation/05f6eaeb-b285-46bd-a44a-225bd429e329,
butcher,http://data.europa.eu/esco/occupation/37c7880e-cfee-4c41-a41b-061682fefde3,
fish production operator,http://data.europa.eu/esco/occupation/83de6811-975d-4f7c-b81e-604c0c17e800,
prepared meat operator,http://data.europa.eu/esco/occupation/84dfc210-db07-4a83-87fe-d6131907ea83,
food production operator,http://data.europa.eu/esco/occupation/e3dc66de-99c7-4607-a82b-7244036d316d,
halal butcher,http://data.europa.eu/esco/occupation/48b336d2-7ffb-49a3-a010-444b68ddd12d,
pasta operator,http://data.europa.eu/esco/occupation/0090dd54-057a-4f65-bbe8-f74c4999e8e8,
kosher butcher,http://data.europa.eu/esco/occupation/d4cbc865-ad88-4b07-9525-2af3dd31cf0d,
quick service restaurant crew member,http://data.europa.eu/esco/occupation/96a0d8d3-d4a6-473d-80d6-b5dbadde940a,
prepared meals nutritionist,http://data.europa.eu/esco/occupation/c37d0026-989b-4705-9bcb-30cccd8308fa,
diet cook,http://data.europa.eu/esco/occupation/9ab80ce6-504f-474f-bb91-98163e9d45fd,
pizzaiolo,http://data.europa.eu/esco/occupation/a02a1117-212f-4a49-b21a-d3b971e00e48,
industrial cook,http://data.europa.eu/esco/occupation/11e6d39e-1295-40e7-8eea-3eb042bc7e34,
private chef,http://data.europa.eu/esco/occupation/a256838b-0843-4ad2-a2fb-4531f94e63d8,
cocktail bartender,http://data.europa.eu/esco/occupation/e20816a9-51d0-410b-b2c6-cbc22c1c4256,
au pair,http://data.europa.eu/esco/occupation/f219f643-4df1-4a9a-b6c5-dc2f48c22806,
babysitter,http://data.europa.eu/esco/occupation/c4a81f47-6ed8-4a17-ab4a-21a2e67fa1d9,
companion,http://data.europa.eu/esco/occupation/d5954a2b-a525-45b7-b6d9-b62efafc6c78,
home care aide,http://data.europa.eu/esco/occupation/1391bdf9-bd61-4fb5-91ca-c29036ab2b60,
private chef,http://data.europa.eu/esco/occupation/a256838b-0843-4ad2-a2fb-4531f94e63d8,
kitchen assistant,http://data.europa.eu/esco/occupation/e1cf6897-158d-4b48-a39e-2a3a8cac216c,
chef,http://data.europa.eu/esco/occupation/1009be17-7efd-45f1-a033-566bf179c588,
diet cook,http://data.europa.eu/esco/occupation/9ab80ce6-504f-474f-bb91-98163e9d45fd,
fish cook,http://data.europa.eu/esco/occupation/b9de6d8b-1cf6-4722-bf8c-d73aad03bf87,
dietetic technician,http://data.europa.eu/esco/occupation/68bc2af1-96ea-4ec2-8b2f-5cde76472135,
companion,http://data.europa.eu/esco/occupation/d5954a2b-a525-45b7-b6d9-b62efafc6c78,
head chef,http://data.europa.eu/esco/occupation/01484951-15e6-4b88-a20f-1201868d36a0,
cook,http://data.europa.eu/esco/occupation/90f75f67-495d-49fa-ab57-2f320e251d7e,
grill cook,http://data.europa.eu/esco/occupation/bbaa1444-2c0a-4f76-8375-d72e3ea968fd,
pizzaiolo,http://data.europa.eu/esco/occupation/a02a1117-212f-4a49-b21a-d3b971e00e48,
fish cook,http://data.europa.eu/esco/occupation/b9de6d8b-1cf6-4722-bf8c-d73aad03bf87,
private chef,http://data.europa.eu/esco/occupation/a256838b-0843-4ad2-a2fb-4531f94e63d8,
private chef,http://data.europa.eu/esco/occupation/a256838b-0843-4ad2-a2fb-4531f94e63d8,
private chef,http://data.europa.eu/esco/occupation/a256838b-0843-4ad2-a2fb-4531f94e63d8,
beer sommelier,http://data.europa.eu/esco/occupation/985400a7-362f-4f91-941a-2e149d94ac2a,
pastry maker,http://data.europa.eu/esco/occupation/ff42d44c-34f8-46be-ad3a-2aad9a5e43f0,
chocolatier,http://data.europa.eu/esco/occupation/35f62568-eb4e-4a09-9d83-ecc73116f94c,
cocktail bartender,http://data.europa.eu/esco/occupation/e20816a9-51d0-410b-b2c6-cbc22c1c4256,
fruit-press operator,http://data.europa.eu/esco/occupation/7235d075-ecf6-42ba-8a60-d7e79bbce152,
cider master,http://data.europa.eu/esco/occupation/d2df16f3-87d7-4c6e-a640-95cee39a8f4e,
quick service restaurant crew member,http://data.europa.eu/esco/occupation/96a0d8d3-d4a6-473d-80d6-b5dbadde940a,
cook,http://data.europa.eu/esco/occupation/90f75f67-495d-49fa-ab57-2f320e251d7e,
pastry chef,http://data.europa.eu/esco/occupation/8f10ea9b-bfdf-4a4c-9fa7-b6e02daa93e5,
diet cook,http://data.europa.eu/esco/occupation/9ab80ce6-504f-474f-bb91-98163e9d45fd,
head chef,http://data.europa.eu/esco/occupation/01484951-15e6-4b88-a20f-1201868d36a0,
grill cook,http://data.europa.eu/esco/occupation/bbaa1444-2c0a-4f76-8375-d72e3ea968fd,
head pastry chef,http://data.europa.eu/esco/occupation/b10dc548-10e1-4447-8406-5101ff170bbf,
private chef,http://data.europa.eu/esco/occupation/a256838b-0843-4ad2-a2fb-4531f94e63d8,
chef,http://data.europa.eu/esco/occupation/1009be17-7efd-45f1-a033-566bf179c588,
fish cook,http://data.europa.eu/esco/occupation/b9de6d8b-1cf6-4722-bf8c-d73aad03bf87,
coffee taster,http://data.europa.eu/esco/occupation/3d7b36e2-bfb8-4b67-9585-6787c1dda13e,
barista,http://data.europa.eu/esco/occupation/bf7d8b16-4e2c-48ef-b44e-dc25b2d0ab61,
private chef,http://data.europa.eu/esco/occupation/a256838b-0843-4ad2-a2fb-4531f94e63d8,
companion,http://data.europa.eu/esco/occupation/d5954a2b-a525-45b7-b6d9-b62efafc6c78,
home care aide,http://data.europa.eu/esco/occupation/1391bdf9-bd61-4fb5-91ca-c29036ab2b60,
quick service restaurant crew member,http://data.europa.eu/esco/occupation/96a0d8d3-d4a6-473d-80d6-b5dbadde940a,
babysitter,http://data.europa.eu/esco/occupation/c4a81f47-6ed8-4a17-ab4a-21a2e67fa1d9,
pastry chef,http://data.europa.eu/esco/occupation/8f10ea9b-bfdf-4a4c-9fa7-b6e02daa93e5,
grill cook,http://data.europa.eu/esco/occupation/bbaa1444-2c0a-4f76-8375-d72e3ea968fd,
diet cook,http://data.europa.eu/esco/occupation/9ab80ce6-504f-474f-bb91-98163e9d45fd,
head pastry chef,http://data.europa.eu/esco/occupation/b10dc548-10e1-4447-8406-5101ff170bbf,
chef,http://data.europa.eu/esco/occupation/1009be17-7efd-45f1-a033-566bf179c588,
fish cook,http://data.europa.eu/esco/occupation/b9de6d8b-1cf6-4722-bf8c-d73aad03bf87,
head chef,http://data.europa.eu/esco/occupation/01484951-15e6-4b88-a20f-1201868d36a0,
cook,http://data.europa.eu/esco/occupation/90f75f67-495d-49fa-ab57-2f320e251d7e,
pizzaiolo,http://data.europa.eu/esco/occupation/a02a1117-212f-4a49-b21a-d3b971e00e48,
bartender,http://data.europa.eu/esco/occupation/2f5e38a0-6578-4665-bdbd-e2ab505be140,
cocktail bartender,http://data.europa.eu/esco/occupation/e20816a9-51d0-410b-b2c6-cbc22c1c4256,
baking operator,http://data.europa.eu/esco/occupation/5d9e63a2-8013-434e-9f92-3b3d54a0c320,
pasta maker,http://data.europa.eu/esco/occupation/26852256-d423-41bb-8178-4d37ff2528b9,
baker,http://data.europa.eu/esco/occupation/1aadb308-432a-4d01-b54b-b4f7f76dd419,
confectioner,http://data.europa.eu/esco/occupation/e00c46c4-bd3c-4d88-8d30-fc6f951554bd,
pastry maker,http://data.europa.eu/esco/occupation/ff42d44c-34f8-46be-ad3a-2aad9a5e43f0,
halal slaughterer,http://data.europa.eu/esco/occupation/f1783e61-38b7-468e-b495-9c3c92f5ab0d,
cacao bean roaster,http://data.europa.eu/esco/occupation/6725a5bb-b79d-4128-9494-089389ae2a48,
coffee roaster,http://data.europa.eu/esco/occupation/36b11444-8634-4194-b679-ed302acdfb22,
confectioner,http://data.europa.eu/esco/occupation/e00c46c4-bd3c-4d88-8d30-fc6f951554bd,
chocolate moulding operator,http://data.europa.eu/esco/occupation/d41ff08f-1ba9-4e39-b9b5-ad6bfe8f9611,
dryer attendant,http://data.europa.eu/esco/occupation/804f1ae2-429c-48a9-9858-d5d42df144eb,
kettle tender,http://data.europa.eu/esco/occupation/3b46ee4d-a220-4c83-ad90-937456596889,
vermouth manufacturer,http://data.europa.eu/esco/occupation/ca2da084-3bfa-47d8-84ba-ef890191708d,
germination operator,http://data.europa.eu/esco/occupation/ab9e06c8-e0fc-4c1b-afa2-61421592f1a5,
butcher,http://data.europa.eu/esco/occupation/37c7880e-cfee-4c41-a41b-061682fefde3,
animal feed supervisor,http://data.europa.eu/esco/occupation/c7ee21d5-9a13-4cf8-a3b9-292eefd37f7a,
hydrogenation machine operator,http://data.europa.eu/esco/occupation/0085f271-5999-4d42-b879-75c3b4269883,
yeast distiller,http://data.europa.eu/esco/occupation/beacd3d6-e414-42ea-baf9-3ddc34fc143a,
slaughterer,http://data.europa.eu/esco/occupation/34ec79d0-85fb-445a-a5f2-df51b70c6375,
prepared meat operator,http://data.europa.eu/esco/occupation/84dfc210-db07-4a83-87fe-d6131907ea83,
halal butcher,http://data.europa.eu/esco/occupation/48b336d2-7ffb-49a3-a010-444b68ddd12d,
meat cutter,http://data.europa.eu/esco/occupation/05f6eaeb-b285-46bd-a44a-225bd429e329,
malt kiln operator,http://data.europa.eu/esco/occupation/7309ab2d-e2ba-4ccb-b658-6b0a8bd8c4eb,
wine fermenter,http://data.europa.eu/esco/occupation/b997a091-23b3-4f87-a6bc-bdbea2f609ae,
liquor grinding mill operator,http://data.europa.eu/esco/occupation/e0c5e005-6303-4d5a-9125-a7f86ed1c4df,
freight inspector,http://data.europa.eu/esco/occupation/50609eb5-9957-4cbf-9b91-6f46ce49cfad,
oenologist,http://data.europa.eu/esco/occupation/497a65bf-04e5-48ed-939e-2a68419f8144,
kosher slaughterer,http://data.europa.eu/esco/occupation/d47d495f-159b-40c9-b3d2-6b651c903e28,
distillery worker,http://data.europa.eu/esco/occupation/9757122b-1161-4f4a-8286-a603d4ad7012,
starch converting operator,http://data.europa.eu/esco/occupation/375a4d32-0950-45db-9d85-3fc2a86f1d85,
private chef,http://data.europa.eu/esco/occupation/a256838b-0843-4ad2-a2fb-4531f94e63d8,
head pastry chef,http://data.europa.eu/esco/occupation/b10dc548-10e1-4447-8406-5101ff170bbf,
head sommelier,http://data.europa.eu/esco/occupation/a20e4b15-a128-49b9-a06a-e790e3bd5c68,
sommelier,http://data.europa.eu/esco/occupation/499f80e3-860c-48ef-8286-be929a93e254,
waiter/waitress,http://data.europa.eu/esco/occupation/d5db9d5c-2ebf-4a54-a79a-1b7e7ff70471,
fruit and vegetable preserver,http://data.europa.eu/esco/occupation/6fe645b0-463a-445d-ab8f-c0a5132beb68,
dietetic technician,http://data.europa.eu/esco/occupation/68bc2af1-96ea-4ec2-8b2f-5cde76472135,
pasta operator,http://data.europa.eu/esco/occupation/0090dd54-057a-4f65-bbe8-f74c4999e8e8,
pasta maker,http://data.europa.eu/esco/occupation/26852256-d423-41bb-8178-4d37ff2528b9,
master coffee roaster,http://data.europa.eu/esco/occupation/a2a126ac-d90d-4e9f-97d1-9b8dff2ff946,
waiter/waitress,http://data.europa.eu/esco/occupation/d5db9d5c-2ebf-4a54-a79a-1b7e7ff70471,
barista,http://data.europa.eu/esco/occupation/bf7d8b16-4e2c-48ef-b44e-dc25b2d0ab61,
bartender,http://data.europa.eu/esco/occupation/2f5e38a0-6578-4665-bdbd-e2ab505be140,
private chef,http://data.europa.eu/esco/occupation/a256838b-0843-4ad2-a2fb-4531f94e63d8,
private chef,http://data.europa.eu/esco/occupation/a256838b-0843-4ad2-a2fb-4531f94e63d8,
street food vendor,http://data.europa.eu/esco/occupation/e982a28b-9de2-460c-b85d-0f65ea0aa3ca,
private chef,http://data.europa.eu/esco/occupation/a256838b-0843-4ad2-a2fb-4531f94e63d8,
head pastry chef,http://data.europa.eu/esco/occupation/b10dc548-10e1-4447-8406-5101ff170bbf,
chef,http://data.europa.eu/esco/occupation/1009be17-7efd-45f1-a033-566bf179c588,
pizzaiolo,http://data.europa.eu/esco/occupation/a02a1117-212f-4a49-b21a-d3b971e00e48,
head chef,http://data.europa.eu/esco/occupation/01484951-15e6-4b88-a20f-1201868d36a0,
quick service restaurant crew member,http://data.europa.eu/esco/occupation/96a0d8d3-d4a6-473d-80d6-b5dbadde940a,
companion,http://data.europa.eu/esco/occupation/d5954a2b-a525-45b7-b6d9-b62efafc6c78,
diet cook,http://data.europa.eu/esco/occupation/9ab80ce6-504f-474f-bb91-98163e9d45fd,
cook,http://data.europa.eu/esco/occupation/90f75f67-495d-49fa-ab57-2f320e251d7e,
grill cook,http://data.europa.eu/esco/occupation/bbaa1444-2c0a-4f76-8375-d72e3ea968fd,
pastry chef,http://data.europa.eu/esco/occupation/8f10ea9b-bfdf-4a4c-9fa7-b6e02daa93e5,
fish cook,http://data.europa.eu/esco/occupation/b9de6d8b-1cf6-4722-bf8c-d73aad03bf87,
sommelier,http://data.europa.eu/esco/occupation/499f80e3-860c-48ef-8286-be929a93e254,
head sommelier,http://data.europa.eu/esco/occupation/a20e4b15-a128-49b9-a06a-e790e3bd5c68,
venue director,http://data.europa.eu/esco/occupation/be54b8da-bc71-40f0-b150-45c5e0769375,
head waiter/head waitress,http://data.europa.eu/esco/occupation/53ed8787-3423-4843-8c63-7be1877d29e2,
venue director,http://data.europa.eu/esco/occupation/be54b8da-bc71-40f0-b150-45c5e0769375,
head waiter/head waitress,http://data.europa.eu/esco/occupation/53ed8787-3423-4843-8c63-7be1877d29e2,
restaurant manager,http://data.europa.eu/esco/occupation/d5eb6150-bbff-4a9c-9d0c-21eab4dbe2b6,
wine sommelier,http://data.europa.eu/esco/occupation/2d92f7f5-d2b1-4223-92c4-23c33f8604fc,
flight attendant,http://data.europa.eu/esco/occupation/f20d3ae6-baeb-482c-b68d-c2fb115e5dde,
steward/stewardess,http://data.europa.eu/esco/occupation/58ff0ec2-08ba-4b21-b765-babb6d76ca36,
domestic butler,http://data.europa.eu/esco/occupation/74cbe6fb-336f-4f3f-8c8f-7645b279a231,
waiter/waitress,http://data.europa.eu/esco/occupation/d5db9d5c-2ebf-4a54-a79a-1b7e7ff70471,
train attendant,http://data.europa.eu/esco/occupation/fa1aef45-49a4-4446-94b4-e2b563d9d025,
waiter/waitress,http://data.europa.eu/esco/occupation/d5db9d5c-2ebf-4a54-a79a-1b7e7ff70471,
head sommelier,http://data.europa.eu/esco/occupation/a20e4b15-a128-49b9-a06a-e790e3bd5c68,
sommelier,http://data.europa.eu/esco/occupation/499f80e3-860c-48ef-8286-be929a93e254,
domestic butler,http://data.europa.eu/esco/occupation/74cbe6fb-336f-4f3f-8c8f-7645b279a231,
barista,http://data.europa.eu/esco/occupation/bf7d8b16-4e2c-48ef-b44e-dc25b2d0ab61,
domestic butler,http://data.europa.eu/esco/occupation/74cbe6fb-336f-4f3f-8c8f-7645b279a231,
restaurant host/restaurant hostess,http://data.europa.eu/esco/occupation/a1b86a8b-ad91-4192-b386-bbf89bb11699,
waiter/waitress,http://data.europa.eu/esco/occupation/d5db9d5c-2ebf-4a54-a79a-1b7e7ff70471,
sommelier,http://data.europa.eu/esco/occupation/499f80e3-860c-48ef-8286-be929a93e254,
wine sommelier,http://data.europa.eu/esco/occupation/2d92f7f5-d2b1-4223-92c4-23c33f8604fc,
bartender,http://data.europa.eu/esco/occupation/2f5e38a0-6578-4665-bdbd-e2ab505be140,
cocktail bartender,http://data.europa.eu/esco/occupation/e20816a9-51d0-410b-b2c6-cbc22c1c4256,
domestic butler,http://data.europa.eu/esco/occupation/74cbe6fb-336f-4f3f-8c8f-7645b279a231,
bartender,http://data.europa.eu/esco/occupation/2f5e38a0-6578-4665-bdbd-e2ab505be140,
waiter/waitress,http://data.europa.eu/esco/occupation/d5db9d5c-2ebf-4a54-a79a-1b7e7ff70471,
cocktail bartender,http://data.europa.eu/esco/occupation/e20816a9-51d0-410b-b2c6-cbc22c1c4256,
waiter/waitress,http://data.europa.eu/esco/occupation/d5db9d5c-2ebf-4a54-a79a-1b7e7ff70471,
bartender,http://data.europa.eu/esco/occupation/2f5e38a0-6578-4665-bdbd-e2ab505be140,
flight attendant,http://data.europa.eu/esco/occupation/f20d3ae6-baeb-482c-b68d-c2fb115e5dde,
cabin crew manager,http://data.europa.eu/esco/occupation/95f56fc4-99f9-49da-b942-1dfbc857e933,
occupational therapist,http://data.europa.eu/esco/occupation/33da5532-8c4e-4d1b-b52e-c201ee1bc7ab,
occupational therapy assistant,http://data.europa.eu/esco/occupation/82cbe20d-967c-4161-9ecd-eafc724d171c,
paramedic in emergency responses,http://data.europa.eu/esco/occupation/0b5dfc02-b825-4445-811d-d39ed442657e,
hospital porter,http://data.europa.eu/esco/occupation/a30734bb-2f10-4747-a94c-75f5ec3c63a4,
emergency ambulance driver,http://data.europa.eu/esco/occupation/64e909ad-1bd0-493c-a8dc-1afbed0c9c2f,
mental health support worker,http://data.europa.eu/esco/occupation/5a9acd29-666c-4ca1-b10e-e086584a526b,
care at home worker,http://data.europa.eu/esco/occupation/f4525ed8-54eb-4a3b-90db-55cc01b0d9fd,
disability support worker,http://data.europa.eu/esco/occupation/9c55aa23-e3f2-4c00-8c90-5ed5204951a3,
guide dog instructor,http://data.europa.eu/esco/occupation/65a9366c-d4d3-484d-a577-c63d335987da,
residential home young people care worker,http://data.europa.eu/esco/occupation/6667bf29-a3e3-4513-a71b-82c67206045b,
ship steward/ship stewardess,http://data.europa.eu/esco/occupation/6a2270bc-3f69-4cfd-b99b-fdc2c70d1779,
residential home adult care worker,http://data.europa.eu/esco/occupation/78f474ae-c154-4206-ad0f-d8a00e9c541e,
child welfare worker,http://data.europa.eu/esco/occupation/2ae76ccc-f02e-4eb6-b693-fff70ba8f409,
foster care support worker,http://data.europa.eu/esco/occupation/1f5932eb-b36d-44e1-a063-7aa9e228af51,
social care worker,http://data.europa.eu/esco/occupation/8d703e8f-1e57-4246-8a6b-cb87a760d4ab,
residential childcare worker,http://data.europa.eu/esco/occupation/4d7d2628-1405-4ff2-b5b5-bd0d57ed9bbd,
housing support worker,http://data.europa.eu/esco/occupation/4edbde9f-218e-49c7-812f-c45262fb4128,
residential home older adult care worker,http://data.europa.eu/esco/occupation/50743f62-3d5b-4ef6-b706-00d2b1adfcc3,
residential care home worker,http://data.europa.eu/esco/occupation/81309031-dad2-4a7a-bde6-7f6e518f89ff,
home care aide,http://data.europa.eu/esco/occupation/1391bdf9-bd61-4fb5-91ca-c29036ab2b60,
family support worker,http://data.europa.eu/esco/occupation/4c89c65c-4e35-44e3-8fa0-5d73e9e15325,
child day care worker,http://data.europa.eu/esco/occupation/3f74aad8-2d60-4be2-b059-8dba5568d530,
adult community care worker,http://data.europa.eu/esco/occupation/c6239b9e-5973-4b0a-a2ed-4c4b41331e04,
patient transport services driver,http://data.europa.eu/esco/occupation/976f752c-5f10-42ca-84fb-89aa529af04f,
hospital porter,http://data.europa.eu/esco/occupation/a30734bb-2f10-4747-a94c-75f5ec3c63a4,
emergency ambulance driver,http://data.europa.eu/esco/occupation/64e909ad-1bd0-493c-a8dc-1afbed0c9c2f,
paramedic in emergency responses,http://data.europa.eu/esco/occupation/0b5dfc02-b825-4445-811d-d39ed442657e,
community care case worker,http://data.europa.eu/esco/occupation/85482504-c83d-4038-80d9-265198d18b48,
residential home older adult care worker,http://data.europa.eu/esco/occupation/50743f62-3d5b-4ef6-b706-00d2b1adfcc3,
housing support worker,http://data.europa.eu/esco/occupation/4edbde9f-218e-49c7-812f-c45262fb4128,
foster care support worker,http://data.europa.eu/esco/occupation/1f5932eb-b36d-44e1-a063-7aa9e228af51,
residential childcare worker,http://data.europa.eu/esco/occupation/4d7d2628-1405-4ff2-b5b5-bd0d57ed9bbd,
child welfare worker,http://data.europa.eu/esco/occupation/2ae76ccc-f02e-4eb6-b693-fff70ba8f409,
social care worker,http://data.europa.eu/esco/occupation/8d703e8f-1e57-4246-8a6b-cb87a760d4ab,
child day care worker,http://data.europa.eu/esco/occupation/3f74aad8-2d60-4be2-b059-8dba5568d530,
residential home young people care worker,http://data.europa.eu/esco/occupation/6667bf29-a3e3-4513-a71b-82c67206045b,
adult community care worker,http://data.europa.eu/esco/occupation/c6239b9e-5973-4b0a-a2ed-4c4b41331e04,
mental health support worker,http://data.europa.eu/esco/occupation/5a9acd29-666c-4ca1-b10e-e086584a526b,
residential home adult care worker,http://data.europa.eu/esco/occupation/78f474ae-c154-4206-ad0f-d8a00e9c541e,
care at home worker,http://data.europa.eu/esco/occupation/f4525ed8-54eb-4a3b-90db-55cc01b0d9fd,
residential care home worker,http://data.europa.eu/esco/occupation/81309031-dad2-4a7a-bde6-7f6e518f89ff,
family support worker,http://data.europa.eu/esco/occupation/4c89c65c-4e35-44e3-8fa0-5d73e9e15325,
home care aide,http://data.europa.eu/esco/occupation/1391bdf9-bd61-4fb5-91ca-c29036ab2b60,
disability support worker,http://data.europa.eu/esco/occupation/9c55aa23-e3f2-4c00-8c90-5ed5204951a3,
nurse assistant,http://data.europa.eu/esco/occupation/87d0795a-d41f-47ee-979f-0ab7d73836e7,
healthcare assistant,http://data.europa.eu/esco/occupation/d38c2107-98f2-47b7-8bb4-f69750d51082,
maternity support worker,http://data.europa.eu/esco/occupation/30194ac4-93b8-4450-8a15-f6f7cbe351cb,
home care aide,http://data.europa.eu/esco/occupation/1391bdf9-bd61-4fb5-91ca-c29036ab2b60,
au pair,http://data.europa.eu/esco/occupation/f219f643-4df1-4a9a-b6c5-dc2f48c22806,
babysitter,http://data.europa.eu/esco/occupation/c4a81f47-6ed8-4a17-ab4a-21a2e67fa1d9,
nanny,http://data.europa.eu/esco/occupation/0a5356bc-7f81-4e40-971d-c1dc789c5fb4,
tutor,http://data.europa.eu/esco/occupation/59bce29f-5c8b-47cf-bfd4-6ec003f5323a,
Freinet school teacher,http://data.europa.eu/esco/occupation/8befd482-70e2-4d1e-8a09-091e15fe85c3,
primary school teaching assistant,http://data.europa.eu/esco/occupation/00674f21-2f8f-4a41-9896-133f7cbe2a6e,
Steiner school teacher,http://data.europa.eu/esco/occupation/3b755cda-c4b0-4fa1-8621-372f28ccc2e9,
early years teacher,http://data.europa.eu/esco/occupation/55d60ead-0343-4008-b9e4-fb4b5a179c83,
early years teaching assistant,http://data.europa.eu/esco/occupation/4d27152a-a8ee-4f5a-9f93-a2fb4fb2b2e3,
teacher of talented and gifted students,http://data.europa.eu/esco/occupation/1044dedc-81d1-48b6-96b3-ced5393b2de1,
Montessori school teacher,http://data.europa.eu/esco/occupation/76a950cb-3def-47f4-895d-555ad138657e,
child day care worker,http://data.europa.eu/esco/occupation/3f74aad8-2d60-4be2-b059-8dba5568d530,
nursery school head teacher,http://data.europa.eu/esco/occupation/c269387f-a652-4880-860a-e91ef105bfb7,
child care coordinator,http://data.europa.eu/esco/occupation/526ba8e1-fc71-4657-8d27-52f03e8ca81d,
child day care centre manager,http://data.europa.eu/esco/occupation/fa6bd9e9-9631-4abe-b2f8-fad7bf8a819d,
early years special educational needs teacher,http://data.europa.eu/esco/occupation/b6beb46d-9ed2-4a66-9117-7e3f21f234dd,
special educational needs assistant,http://data.europa.eu/esco/occupation/1f137f0b-7097-4583-9d1b-b69e57369319,
special educational needs teacher,http://data.europa.eu/esco/occupation/976cbfcc-8958-4800-a435-71d15405a42a,
primary school teacher,http://data.europa.eu/esco/occupation/03d79393-7b30-4159-945b-01963eddd302,
special educational needs teacher primary school,http://data.europa.eu/esco/occupation/f89b12a1-689f-4a4f-8695-abb620810f1e,
mental health social worker,http://data.europa.eu/esco/occupation/a76a05bb-e04d-4be8-953e-1ffd691dd58d,
family social worker,http://data.europa.eu/esco/occupation/95d0a616-a4a9-4f56-a8fb-4de43cdb4c82,
clinical social worker,http://data.europa.eu/esco/occupation/6a167ceb-f847-4ef0-af47-89454c53770b,
child welfare worker,http://data.europa.eu/esco/occupation/2ae76ccc-f02e-4eb6-b693-fff70ba8f409,
child day care worker,http://data.europa.eu/esco/occupation/3f74aad8-2d60-4be2-b059-8dba5568d530,
residential childcare worker,http://data.europa.eu/esco/occupation/4d7d2628-1405-4ff2-b5b5-bd0d57ed9bbd,
child care social worker,http://data.europa.eu/esco/occupation/0d423a2e-6fb7-4704-8544-bd6c522b3c62,
foster care support worker,http://data.europa.eu/esco/occupation/1f5932eb-b36d-44e1-a063-7aa9e228af51,
social pedagogue,http://data.europa.eu/esco/occupation/fa4a3b52-990c-44eb-a912-490f5d689400,
foster care support worker,http://data.europa.eu/esco/occupation/1f5932eb-b36d-44e1-a063-7aa9e228af51,
child care coordinator,http://data.europa.eu/esco/occupation/526ba8e1-fc71-4657-8d27-52f03e8ca81d,
early years special educational needs teacher,http://data.europa.eu/esco/occupation/b6beb46d-9ed2-4a66-9117-7e3f21f234dd,
special educational needs teacher,http://data.europa.eu/esco/occupation/976cbfcc-8958-4800-a435-71d15405a42a,
special educational needs teacher primary school,http://data.europa.eu/esco/occupation/f89b12a1-689f-4a4f-8695-abb620810f1e,
child care coordinator,http://data.europa.eu/esco/occupation/526ba8e1-fc71-4657-8d27-52f03e8ca81d,
child care worker,http://data.europa.eu/esco/occupation/3413f234-6230-47a8-8cc7-2691fd54ce3a,
early years teaching assistant,http://data.europa.eu/esco/occupation/4d27152a-a8ee-4f5a-9f93-a2fb4fb2b2e3,
primary school teaching assistant,http://data.europa.eu/esco/occupation/00674f21-2f8f-4a41-9896-133f7cbe2a6e,
special educational needs assistant,http://data.europa.eu/esco/occupation/1f137f0b-7097-4583-9d1b-b69e57369319,
au pair,http://data.europa.eu/esco/occupation/f219f643-4df1-4a9a-b6c5-dc2f48c22806,
early years teacher,http://data.europa.eu/esco/occupation/55d60ead-0343-4008-b9e4-fb4b5a179c83,
Freinet school teacher,http://data.europa.eu/esco/occupation/8befd482-70e2-4d1e-8a09-091e15fe85c3,
nanny,http://data.europa.eu/esco/occupation/0a5356bc-7f81-4e40-971d-c1dc789c5fb4,
Montessori school teacher,http://data.europa.eu/esco/occupation/76a950cb-3def-47f4-895d-555ad138657e,
nanny,http://data.europa.eu/esco/occupation/0a5356bc-7f81-4e40-971d-c1dc789c5fb4,
babysitter,http://data.europa.eu/esco/occupation/c4a81f47-6ed8-4a17-ab4a-21a2e67fa1d9,
child care worker,http://data.europa.eu/esco/occupation/3413f234-6230-47a8-8cc7-2691fd54ce3a,
au pair,http://data.europa.eu/esco/occupation/f219f643-4df1-4a9a-b6c5-dc2f48c22806,
activity leader,http://data.europa.eu/esco/occupation/234be692-befb-41df-bdf0-e1b2f4eaf5e7,
child care coordinator,http://data.europa.eu/esco/occupation/526ba8e1-fc71-4657-8d27-52f03e8ca81d,
child welfare worker,http://data.europa.eu/esco/occupation/2ae76ccc-f02e-4eb6-b693-fff70ba8f409,
child day care centre manager,http://data.europa.eu/esco/occupation/fa6bd9e9-9631-4abe-b2f8-fad7bf8a819d,
foster care support worker,http://data.europa.eu/esco/occupation/1f5932eb-b36d-44e1-a063-7aa9e228af51,
early years special educational needs teacher,http://data.europa.eu/esco/occupation/b6beb46d-9ed2-4a66-9117-7e3f21f234dd,
Montessori school teacher,http://data.europa.eu/esco/occupation/76a950cb-3def-47f4-895d-555ad138657e,
residential childcare worker,http://data.europa.eu/esco/occupation/4d7d2628-1405-4ff2-b5b5-bd0d57ed9bbd,
child day care worker,http://data.europa.eu/esco/occupation/3f74aad8-2d60-4be2-b059-8dba5568d530,
special educational needs assistant,http://data.europa.eu/esco/occupation/1f137f0b-7097-4583-9d1b-b69e57369319,
nanny,http://data.europa.eu/esco/occupation/0a5356bc-7f81-4e40-971d-c1dc789c5fb4,
early years teacher,http://data.europa.eu/esco/occupation/55d60ead-0343-4008-b9e4-fb4b5a179c83,
teacher of talented and gifted students,http://data.europa.eu/esco/occupation/1044dedc-81d1-48b6-96b3-ced5393b2de1,
education welfare officer,http://data.europa.eu/esco/occupation/19f6634f-ec0c-4513-b0d9-d43f9ddeb82d,
consultant social worker,http://data.europa.eu/esco/occupation/186ef31e-f26f-4320-a307-c5f95d6cb284,
nursery school head teacher,http://data.europa.eu/esco/occupation/c269387f-a652-4880-860a-e91ef105bfb7,
social pedagogue,http://data.europa.eu/esco/occupation/fa4a3b52-990c-44eb-a912-490f5d689400,
academic support officer,http://data.europa.eu/esco/occupation/2ddde737-28f3-444d-b1f8-ef12cc2df3c7,
primary school teaching assistant,http://data.europa.eu/esco/occupation/00674f21-2f8f-4a41-9896-133f7cbe2a6e,
learning mentor,http://data.europa.eu/esco/occupation/3d0f86c1-9bdd-4e84-bc62-93a716128c8d,
educational counsellor,http://data.europa.eu/esco/occupation/2412bbb1-29ca-4e17-a2b8-70694f0cb14f,
activity leader,http://data.europa.eu/esco/occupation/234be692-befb-41df-bdf0-e1b2f4eaf5e7,
child care coordinator,http://data.europa.eu/esco/occupation/526ba8e1-fc71-4657-8d27-52f03e8ca81d,
special educational needs teacher,http://data.europa.eu/esco/occupation/976cbfcc-8958-4800-a435-71d15405a42a,
child care social worker,http://data.europa.eu/esco/occupation/0d423a2e-6fb7-4704-8544-bd6c522b3c62,
child welfare worker,http://data.europa.eu/esco/occupation/2ae76ccc-f02e-4eb6-b693-fff70ba8f409,
early years teaching assistant,http://data.europa.eu/esco/occupation/4d27152a-a8ee-4f5a-9f93-a2fb4fb2b2e3,
Freinet school teacher,http://data.europa.eu/esco/occupation/8befd482-70e2-4d1e-8a09-091e15fe85c3,
secondary school teaching assistant,http://data.europa.eu/esco/occupation/79c2e54e-26e8-4cdc-a7f1-908e000bfb83,
maternity support worker,http://data.europa.eu/esco/occupation/30194ac4-93b8-4450-8a15-f6f7cbe351cb,
midwife,http://data.europa.eu/esco/occupation/95cda6a9-a70a-4a93-9442-11d573cb4a02,
babysitter,http://data.europa.eu/esco/occupation/c4a81f47-6ed8-4a17-ab4a-21a2e67fa1d9,
special educational needs assistant,http://data.europa.eu/esco/occupation/1f137f0b-7097-4583-9d1b-b69e57369319,
au pair,http://data.europa.eu/esco/occupation/f219f643-4df1-4a9a-b6c5-dc2f48c22806,
early years special educational needs teacher,http://data.europa.eu/esco/occupation/b6beb46d-9ed2-4a66-9117-7e3f21f234dd,
primary school teaching assistant,http://data.europa.eu/esco/occupation/00674f21-2f8f-4a41-9896-133f7cbe2a6e,
nanny,http://data.europa.eu/esco/occupation/0a5356bc-7f81-4e40-971d-c1dc789c5fb4,
child care worker,http://data.europa.eu/esco/occupation/3413f234-6230-47a8-8cc7-2691fd54ce3a,
early years teaching assistant,http://data.europa.eu/esco/occupation/4d27152a-a8ee-4f5a-9f93-a2fb4fb2b2e3,
child care coordinator,http://data.europa.eu/esco/occupation/526ba8e1-fc71-4657-8d27-52f03e8ca81d,
activity leader,http://data.europa.eu/esco/occupation/234be692-befb-41df-bdf0-e1b2f4eaf5e7,
school bus attendant,http://data.europa.eu/esco/occupation/78eacaf8-06d6-4b78-920f-edece2e41464,
child care worker,http://data.europa.eu/esco/occupation/3413f234-6230-47a8-8cc7-2691fd54ce3a,
babysitter,http://data.europa.eu/esco/occupation/c4a81f47-6ed8-4a17-ab4a-21a2e67fa1d9,
au pair,http://data.europa.eu/esco/occupation/f219f643-4df1-4a9a-b6c5-dc2f48c22806,
nanny,http://data.europa.eu/esco/occupation/0a5356bc-7f81-4e40-971d-c1dc789c5fb4,
child day care worker,http://data.europa.eu/esco/occupation/3f74aad8-2d60-4be2-b059-8dba5568d530,
hair stylist,http://data.europa.eu/esco/occupation/82dea303-26e1-4bbc-a07c-cff3cac6b50e,
hairdresser,http://data.europa.eu/esco/occupation/099c6bb0-22d3-4c5d-8bf5-70910af381ef,
barber,http://data.europa.eu/esco/occupation/4e0c14d6-b170-40f1-bcdc-703c0b92109b,
make-up artist,http://data.europa.eu/esco/occupation/49713da4-4e97-4f82-bd1c-16ce7f9179b7,
hairdresser assistant,http://data.europa.eu/esco/occupation/55f6380c-7511-4c33-8fc4-c74f10f524fa,
wig and hairpiece maker,http://data.europa.eu/esco/occupation/bd206ee9-61d6-45de-a369-0c71b8429efa,
lottery cashier,http://data.europa.eu/esco/occupation/3f32394b-f1b1-48ef-96ee-74405fb7c6b6,
gaming dealer,http://data.europa.eu/esco/occupation/fb1a7aab-1e33-4712-b8e0-d335243aba58,
personal shopper,http://data.europa.eu/esco/occupation/f8da6546-0c8a-4bd0-a952-6f3c253c9aba,
bingo caller,http://data.europa.eu/esco/occupation/2f7f5c84-b9b3-41ea-aa5f-5997d0873141,
door to door seller,http://data.europa.eu/esco/occupation/ae73f0dc-05a7-4e23-a234-9bb7e6d86975,
casino cashier,http://data.europa.eu/esco/occupation/961cbd1f-2a9b-4756-b227-67a1c23c94b6,
personal stylist,http://data.europa.eu/esco/occupation/d5ce0c23-6f8a-459f-9bf9-a7cb9768740a,
pedicurist,http://data.europa.eu/esco/occupation/489b9a38-89a2-425c-95b9-79cec66379e1,
manicurist,http://data.europa.eu/esco/occupation/bced9b86-d4e7-42f8-bb47-acb2001b9bd0,
circus artist,http://data.europa.eu/esco/occupation/22799921-76a1-44c4-a7c3-c6a548e8ad85,
make-up artist,http://data.europa.eu/esco/occupation/49713da4-4e97-4f82-bd1c-16ce7f9179b7,
podiatry assistant,http://data.europa.eu/esco/occupation/4f08cd74-71c6-43aa-88d4-841e5bb677f7,
manicurist,http://data.europa.eu/esco/occupation/bced9b86-d4e7-42f8-bb47-acb2001b9bd0,
pedicurist,http://data.europa.eu/esco/occupation/489b9a38-89a2-425c-95b9-79cec66379e1,
hairdresser assistant,http://data.europa.eu/esco/occupation/55f6380c-7511-4c33-8fc4-c74f10f524fa,
barber,http://data.europa.eu/esco/occupation/4e0c14d6-b170-40f1-bcdc-703c0b92109b,
hairdresser,http://data.europa.eu/esco/occupation/099c6bb0-22d3-4c5d-8bf5-70910af381ef,
hairdresser assistant,http://data.europa.eu/esco/occupation/55f6380c-7511-4c33-8fc4-c74f10f524fa,
hairdresser,http://data.europa.eu/esco/occupation/099c6bb0-22d3-4c5d-8bf5-70910af381ef,
hair stylist,http://data.europa.eu/esco/occupation/82dea303-26e1-4bbc-a07c-cff3cac6b50e,
performance hairdresser,http://data.europa.eu/esco/occupation/f60dc59b-7681-45d4-8114-b3a646e02ab2,
podiatry assistant,http://data.europa.eu/esco/occupation/4f08cd74-71c6-43aa-88d4-841e5bb677f7,
manicurist,http://data.europa.eu/esco/occupation/bced9b86-d4e7-42f8-bb47-acb2001b9bd0,
pedicurist,http://data.europa.eu/esco/occupation/489b9a38-89a2-425c-95b9-79cec66379e1,
hair stylist,http://data.europa.eu/esco/occupation/82dea303-26e1-4bbc-a07c-cff3cac6b50e,
performance hairdresser,http://data.europa.eu/esco/occupation/f60dc59b-7681-45d4-8114-b3a646e02ab2,
hairdresser,http://data.europa.eu/esco/occupation/099c6bb0-22d3-4c5d-8bf5-70910af381ef,
manicurist,http://data.europa.eu/esco/occupation/bced9b86-d4e7-42f8-bb47-acb2001b9bd0,
pedicurist,http://data.europa.eu/esco/occupation/489b9a38-89a2-425c-95b9-79cec66379e1,
aesthetician,http://data.europa.eu/esco/occupation/a1e1a788-2352-4172-8fcf-1f985a6968b0,
make-up artist,http://data.europa.eu/esco/occupation/49713da4-4e97-4f82-bd1c-16ce7f9179b7,
aesthetician,http://data.europa.eu/esco/occupation/a1e1a788-2352-4172-8fcf-1f985a6968b0,
aesthetician,http://data.europa.eu/esco/occupation/a1e1a788-2352-4172-8fcf-1f985a6968b0,
hair stylist,http://data.europa.eu/esco/occupation/82dea303-26e1-4bbc-a07c-cff3cac6b50e,
hairdresser assistant,http://data.europa.eu/esco/occupation/55f6380c-7511-4c33-8fc4-c74f10f524fa,
hairdresser,http://data.europa.eu/esco/occupation/099c6bb0-22d3-4c5d-8bf5-70910af381ef,
barber,http://data.europa.eu/esco/occupation/4e0c14d6-b170-40f1-bcdc-703c0b92109b,
