cook sauce products,http://data.europa.eu/esco/skill/614478b3-51a2-4a55-b3ef-a932105eaeaf,Cook pasta and sauces
announce amusement park attractions,http://data.europa.eu/esco/skill/0f8b7a8d-371b-4ee9-8f4e-3317442bd047,Nope
cook vegetable products,http://data.europa.eu/esco/skill/555d83ff-dbf9-481a-b726-2d502a11904e,Cook vegetables and dairy products
use culinary finishing techniques,http://data.europa.eu/esco/skill/bb84d739-1b06-477b-9195-251650bb3c14,Care for food detail
prepare the restaurant for service,http://data.europa.eu/esco/skill/c011d9ef-b3f1-4f48-8d1b-9cdd288a4f55,Maintain tables clean and ready
speak different languages,http://data.europa.eu/esco/skill/2de4572a-4724-4f76-afc2-72a568a264ac,Nope
amusement park emergency procedures,http://data.europa.eu/esco/skill/c585a661-1720-4138-8cc7-0029452a8534,Nope
apply conflict management,http://data.europa.eu/esco/skill/0ee94af1-b445-4973-9c3f-459fab250342,Nope
operate brick oven,http://data.europa.eu/esco/skill/0a34aa62-441b-4aa4-ab21-db70656f0878,Nope
advise customers on accessories to complement clothing,http://data.europa.eu/esco/skill/1d2c317c-9921-4df1-85be-1eed1189d85e,Nope
keep records of customer interaction,http://data.europa.eu/esco/skill/8b7409b0-e18e-4dfc-9ad9-8ddbcce38849,Nope
dietary regimes,http://data.europa.eu/esco/skill/655d3d08-680a-40ea-8ffd-7e66916272fb,Nope
collect fares,http://data.europa.eu/esco/skill/eb83486b-4ade-43b6-b6d6-4aa9cdc5189c,Nope
inform visitors at tour sites,http://data.europa.eu/esco/skill/ef49078c-256b-452e-8729-54c0541442c4,Knowledge of local area culture
disseminate internal communications,http://data.europa.eu/esco/skill/1f6eac42-e5aa-4fa7-a75d-a4eea12c618e,Nope
provide teacher support,http://data.europa.eu/esco/skill/a13566a2-4461-4dcc-82b2-8280fb5bb993,Nope
use global distribution system,http://data.europa.eu/esco/skill/116083f9-8d05-4b2e-a15f-287b18de5f67,Nope
monitor guest access,http://data.europa.eu/esco/skill/1b45b91c-0949-45cf-a6d8-040a62423060,Tending to guest needs
instruct kitchen personnel,http://data.europa.eu/esco/skill/538b91e8-565c-4483-bf97-6ff120e207a7,Nope
advise guests on menus for special events,http://data.europa.eu/esco/skill/449f85e3-22e6-44d3-a295-b2fb1ab8b494,Nope
assist guest departure,http://data.europa.eu/esco/skill/094e594d-83cc-4480-bad8-fae0ec2ed8ab,Manage people logistically
develop professional network,http://data.europa.eu/esco/skill/bf5d77ad-e18c-48d8-83f0-bc79c011c74a,Nope
support children's wellbeing,http://data.europa.eu/esco/skill/a65fb963-6faf-47b2-a3d9-c4e5e4d833c5,Work with children (psychology)
customer insight,http://data.europa.eu/esco/skill/05fc6f8d-639c-4329-a6de-dfdd800ed091,Nope
measure customer feedback,http://data.europa.eu/esco/skill/89ba58e8-a67e-4d2b-ad42-6acab25c241b,Nope
cosmetic pedicure,http://data.europa.eu/esco/skill/21a40266-69b6-48be-b882-38b2f55fd703,Nope
assist VIP guests,http://data.europa.eu/esco/skill/496fd702-885e-488c-a48a-27e0ab692292,Tending to guest needs
passenger transport regulations,http://data.europa.eu/esco/skill/b54545e6-637c-43a2-8ab2-9efd5f9e2d38,Nope
arrange tables,http://data.europa.eu/esco/skill/906d21c9-7a9c-4919-817d-10676f9ddfe4,Maintain tables clean and ready
coach employees,http://data.europa.eu/esco/skill/0cc9c234-f817-4f4c-908a-4d28fe3b0f4a,Nope
organise wine cellar,http://data.europa.eu/esco/skill/2e730bf1-c145-4456-8515-0033f3351067,Nope
maintain working relationships,http://data.europa.eu/esco/skill/18119ac9-9e43-4da3-8b79-45dd75fe6510,Nope
health and safety measures in transportation,http://data.europa.eu/esco/skill/74ad37e3-325b-4ccd-ab2a-04f7696750e8,Nope
provide footwear advice to patients,http://data.europa.eu/esco/skill/23b6c9ee-4f00-458f-8aaa-0c4ff7eac913,Nope
accompany people,http://data.europa.eu/esco/skill/ab89ad86-1098-44bb-9465-05af5624557c,Socialising with people
park guest's vehicle,http://data.europa.eu/esco/skill/624fc483-e30e-4d05-b809-a63acbd2a980,Nope
sightseeing information,http://data.europa.eu/esco/skill/177983da-20a1-451c-98e6-21e6b4ed97ae,Nope
handle customer complaints,http://data.europa.eu/esco/skill/28d715e3-3e5b-4fb6-8dd2-4be4919c8587,Nope
stock the bar,http://data.europa.eu/esco/skill/616cd160-2f18-47f4-a814-a93179ce0c84,Nope
prepare mixed beverages,http://data.europa.eu/esco/skill/81d5b408-e805-4788-8dbd-42f22e8fd199,Prepare beverages
nutrition,http://data.europa.eu/esco/skill/13d96098-2ff0-46b8-b326-b7c0e18cc1f1,Nope
cosmetics industry,http://data.europa.eu/esco/skill/ceda9207-797c-4d4a-b65a-5eb59084f011,Nope
quote prices,http://data.europa.eu/esco/skill/32b02bd1-6bf2-497a-bb16-94aeeafaf44f,Provide information clearly
follow verbal instructions,http://data.europa.eu/esco/skill/fc511e12-fe90-40a0-bec8-227abb5e4255,Nope
learning needs analysis,http://data.europa.eu/esco/skill/135192cb-84e4-4b70-8946-fbe5041b26cd,Nope
select visitor routes,http://data.europa.eu/esco/skill/1f612375-7b50-45e0-b39f-e6b07f3dd562,Nope
babysitting,http://data.europa.eu/esco/skill/a6354281-5578-46ac-a9db-d179d9962b98,Nope
provide directions to guests,http://data.europa.eu/esco/skill/89ebe683-b456-4e23-ac10-46ee4ab399dd,Provide information clearly
communicate with youth,http://data.europa.eu/esco/skill/b5af495b-61f1-4330-9891-dca56d97d714,Nope
handle financial transactions,http://data.europa.eu/esco/skill/f7e7ccb6-fadc-4c35-935d-e1040be40dfe,Nope
distribute local information materials,http://data.europa.eu/esco/skill/08cdec3b-0d81-4575-b405-168e3178a768,Nope
monitor student's behaviour,http://data.europa.eu/esco/skill/1b8872bd-d869-4b08-b9b2-296d2b1c644c,Nope
check tickets at venue entry,http://data.europa.eu/esco/skill/aa12602b-ba4c-4b6c-ae0b-9a6ec798316d,Nope
present menus,http://data.europa.eu/esco/skill/b7553d1b-31b4-42e6-b6be-2a90189ef7d6,Nope
clean amusement park facilities,http://data.europa.eu/esco/skill/b9a9459c-befa-4b30-95b8-25b5dc83d8f1,Nope
prepare pizza,http://data.europa.eu/esco/skill/298ead56-f11b-4c5d-a4d9-282f7a1489b6,Prepare finger food
cosmetics,http://data.europa.eu/esco/skill/7d9d73a8-08df-4624-a5df-95cb220c0736,Nope
use cooking techniques,http://data.europa.eu/esco/skill/f3934441-4bff-4076-9945-e6c51a01c467,Operate cooking equipment
tend to clients' personal items,http://data.europa.eu/esco/skill/16d3b69a-ea61-4d27-a91d-9a4930105b54,Nope
assess the development of youth,http://data.europa.eu/esco/skill/28ca596e-5e2f-4149-a28d-42d2c4c20227,Nope
use microsoft office,http://data.europa.eu/esco/skill/f683ae1d-cb7c-4aa1-b9fe-205e1bd23535,Nope
carry out end of day accounts,http://data.europa.eu/esco/skill/85e77619-6723-48cd-9654-2bcbe71054f9,Nope
handle chemical cleaning agents,http://data.europa.eu/esco/skill/51a26193-9abe-4bce-9108-f50835be1c35,Nope
maintain camping facilities,http://data.europa.eu/esco/skill/27cea4fb-1441-4694-8771-f54376b8f50f,Nope
play with children,http://data.europa.eu/esco/skill/94b01483-f13d-48ba-b8a9-ef8f18fcb2dc,Spending time with children
assist in children's development of basic personal skills,http://data.europa.eu/esco/skill/8e09fe66-2649-4179-81ef-91fefa3ceee8,Educate children
workplace sanitation,http://data.europa.eu/esco/skill/06bd47bc-d9f3-4517-8e34-c55c2e81f8c2,Nope
manage lost and found articles,http://data.europa.eu/esco/skill/810b7858-fb19-4c61-b05a-7cd04bb61336,Organisational skills
handle tour contract details,http://data.europa.eu/esco/skill/342212c7-5650-4dbd-b7ad-18a6aee8e567,Organisational skills
upsell products,http://data.europa.eu/esco/skill/306a1555-9fa2-47af-b996-a0a8833cbe81,Nope
cosmetics ingredients,http://data.europa.eu/esco/skill/0196d283-9b1a-43a5-b219-43580c7cf560,Nope
assist passenger embarkation,http://data.europa.eu/esco/skill/dffead66-27f4-4eb6-83e6-ad150bc8ee54,Manage people physically
show social competences,http://data.europa.eu/esco/skill/a9dc530e-0e1f-4eef-a739-47bdfe11930e,Nope
maintain relations with children's parents,http://data.europa.eu/esco/skill/efe801a5-8704-4def-8a96-c32f7a6cb9fb,Nope
tolerate stress,http://data.europa.eu/esco/skill/d15f8745-28f8-4abf-a7b6-6cb8a304efd2,Nope
maintain students' discipline,http://data.europa.eu/esco/skill/5a42eaf5-93bb-4bca-8ebd-4d78e96e4929,Nope
present decorative drink displays,http://data.europa.eu/esco/skill/dd89f74e-cce0-4e31-9b86-e088f0206d7a,Nope
develop tourist information materials,http://data.europa.eu/esco/skill/d1e572a1-3cd9-4329-bccd-ff1309f02a1c,Nope
company policies,http://data.europa.eu/esco/skill/f75b740c-b36c-495e-bc67-efe347bbc6b5,Nope
disability care,http://data.europa.eu/esco/skill/54411e8e-d62f-46d8-b87b-fce23f8e3bc8,Nope
perform facial treatment,http://data.europa.eu/esco/skill/cbe6e2a5-f7bc-4162-9803-fcb9ecd86052,Perform skin care
implement marketing strategies,http://data.europa.eu/esco/skill/13e2378e-0d10-450d-843a-b3592575826e,Nope
characteristics of services,http://data.europa.eu/esco/skill/fb3bc9b5-2297-4bba-85b1-60f696a92db8,Nope
special needs education,http://data.europa.eu/esco/skill/ef1e63c9-f8c1-46ad-8c74-3cea311c9377,Nope
execute chilling processes to food products,http://data.europa.eu/esco/skill/728cd984-19ad-441c-8145-b8edc9c53445,Nope
prepare bakery products,http://data.europa.eu/esco/skill/50db2b5e-edda-496d-8a6e-aff91dc243d9,Nope
answer incoming calls,http://data.europa.eu/esco/skill/5a0bffcf-4ff6-49cf-a7db-4142e63f5f04,Interact with customers clearly
advise customers on usage of cosmetics,http://data.europa.eu/esco/skill/78ecad49-4579-4e6d-932e-edeaada0fdfe,Nope
issue sales invoices,http://data.europa.eu/esco/skill/e3e42d54-78bd-4337-aa87-bb31a7670c9a,Nope
health- safety and hygiene legislation,http://data.europa.eu/esco/skill/2dbdd054-896a-4167-8f11-e9b9ebcf199d,Nope
help to control passenger behaviour during emergency situations,http://data.europa.eu/esco/skill/17894c11-a75e-4356-898f-feca10395d65,Nope
assemble cocktail garnishes,http://data.europa.eu/esco/skill/f42df0af-c63b-41a7-815f-ab5eb85098e3,Nope
prepare hot drinks,http://data.europa.eu/esco/skill/e4fb4f26-1c0c-45e4-9250-5be32cee2a48,Prepare beverages
maintain kitchen equipment at correct temperature,http://data.europa.eu/esco/skill/e265e4e2-f031-4012-a7bf-54cac48fb846,Nope
operate amusement rides,http://data.europa.eu/esco/skill/8e31a149-460d-4bd5-ae64-daf04b7c36ed,Nope
games rules,http://data.europa.eu/esco/skill/8b2f716d-4ee3-41ca-97de-62ef56f80591,Nope
treat facial hair,http://data.europa.eu/esco/skill/de8605cd-66fe-47b0-ba49-ff15a30f69cf,Remove body hair
perform body wrapping,http://data.europa.eu/esco/skill/34670989-418c-43d4-861b-3e884adc2479,Nope
local geography,http://data.europa.eu/esco/skill/b4b28d82-0a26-4b1c-a932-38d4378c189e,Nope
analyse the need for technical resources,http://data.europa.eu/esco/skill/8c8d0196-4acd-4217-89cb-abaf96845b14,Nope
cosmetic skin treatment,http://data.europa.eu/esco/skill/2c349a48-7102-4621-a430-0972e84d3db9,Nope
welcome restaurant guests,http://data.europa.eu/esco/skill/99b95aca-221d-415c-9de5-564e1a273701,Welcome guests
provide tourism related information,http://data.europa.eu/esco/skill/350c932d-f9b3-4adb-a5cc-cd5cff4a1912,Provide information clearly
prepare youths for adulthood,http://data.europa.eu/esco/skill/64b0515c-98b0-4cfd-8791-2f0a74e0ca37,Nope
prevent money laundering in gambling,http://data.europa.eu/esco/skill/4f411d0f-e723-4815-b7f9-d0fc3540169d,Nope
clean building floors,http://data.europa.eu/esco/skill/a2cd3b30-2d6c-473e-a5d4-4e7cb576babe,Nope
be friendly to passengers,http://data.europa.eu/esco/skill/dee61e4f-2304-425b-8ff6-eb03070482da,Nope
ensure health and safety of visitors,http://data.europa.eu/esco/skill/97843c38-17f0-4c9c-aa86-049e2870aa1a,Nope
handover the service area,http://data.europa.eu/esco/skill/46e8d7a2-5d09-4020-84a8-993778db3bc3,Nope
analyse a script,http://data.europa.eu/esco/skill/97db841c-31bf-4aa0-85b9-0ddd0a77b7a5,Nope
keep up with trends,http://data.europa.eu/esco/skill/efda73b4-5212-40a7-b2f8-d2f754ffdf2b,Nope
characteristics of products,http://data.europa.eu/esco/skill/1585fc98-bfe4-461f-97fc-734055a2c3ce,Nope
respond to customers' inquiries,http://data.europa.eu/esco/skill/cace7a77-38b7-4cdf-8171-e17692bef5f6,Interact with customers clearly
prepare fruit ingredients for use in beverages,http://data.europa.eu/esco/skill/42df8703-d69f-4b27-a75f-9e7f0299ceb7,Prepare beverages
guarantee customer satisfaction,http://data.europa.eu/esco/skill/00e53a0a-c0ba-4c9f-a2ed-4706d5832a00,Nope
operate dishwashing machine,http://data.europa.eu/esco/skill/f20aedf0-6543-498d-b88e-0a32e604acbb,Nope
animate in the outdoors,http://data.europa.eu/esco/skill/698dccfd-c6e9-4a39-b3bf-0715d6246e44,Nope
apply foreign languages in tourism,http://data.europa.eu/esco/skill/ce04b5bc-ffb6-47b2-b386-ba40911e8542,Nope
assist students with equipment,http://data.europa.eu/esco/skill/7530bc44-f09d-4dd2-8911-92b98333e442,Nope
process reservations,http://data.europa.eu/esco/skill/936a42f0-a586-4595-9e47-ca93210761fd,Nope
keep up to date on local events,http://data.europa.eu/esco/skill/7f42541b-d3ce-44e0-acd3-443947a13bed,Nope
give massages,http://data.europa.eu/esco/skill/2b16031c-6278-4929-adc1-127f40c3c76e,Nope
prepare orders,http://data.europa.eu/esco/skill/24c4beb4-429c-4cd1-b0bd-c04ba4c82e13,Conduct basic preparatory activities
check deliveries on receipt,http://data.europa.eu/esco/skill/f7f56b20-8f05-4731-a1bf-79fdcffc72ce,Nope
implement sales strategies,http://data.europa.eu/esco/skill/b99aa3b8-0066-46b2-a027-30afae444ad8,Nope
clear the bar at closing time,http://data.europa.eu/esco/skill/46c1a6a6-8085-4987-b2f6-25edffd57807,Nope
common children's diseases,http://data.europa.eu/esco/skill/7b34134b-eb4c-40da-98a0-98b6190aa93b,Nope
ensure cleanliness of food preparation area,http://data.europa.eu/esco/skill/c747ab82-9c35-4bf6-ab90-b50b9a53d292,Nope
adhere to transportation work schedule,http://data.europa.eu/esco/skill/e162e52d-204c-41f6-91ad-8ea2654a1606,Nope
clean camping facilities,http://data.europa.eu/esco/skill/76ed802c-90d7-4c29-968c-9fb0f5ca59c1,Nope
provide in-home support for disabled individuals,http://data.europa.eu/esco/skill/1e0ed685-0696-405d-bfa3-dd6ab3751baf,Personal care
supervise food quality,http://data.europa.eu/esco/skill/9b67cbf3-085c-4578-8a8e-8d130ed3fced,Nope
store raw food materials,http://data.europa.eu/esco/skill/29b326ea-a9c8-4963-b35a-8541d0cdff77,Nope
cook meat dishes,http://data.europa.eu/esco/skill/f19f0cda-73f4-417e-8ec9-c0cacf5e7149,Cook meat and fish
advise on hair style,http://data.europa.eu/esco/skill/5d715a3d-ddb1-4906-a599-e9737f4ca491,Nope
keep company,http://data.europa.eu/esco/skill/ff939984-b1a6-4d57-88bd-e453262433c4,Accompanying people
present drinks menu,http://data.europa.eu/esco/skill/9def3846-239c-4bcc-a84d-185d33d8f4db,Nope
enforce regulations of selling alcoholic beverages to minors,http://data.europa.eu/esco/skill/92231a03-010b-45cc-83a0-aa6491a3c6f3,Nope
provide customised products,http://data.europa.eu/esco/skill/acd11c45-8590-4465-91e3-5ef017c9554a,Nope
listen actively,http://data.europa.eu/esco/skill/a17286c5-238d-4f0b-bc24-29e9121345de,Nope
deal with arrivals in accommodation,http://data.europa.eu/esco/skill/25c0b413-f474-42fa-be01-20289d2634c4,Manage people logistically
stay up-to-date with fashion trends in hair style,http://data.europa.eu/esco/skill/e4bf6574-d0d0-4314-a4e0-d54a549e41d8,Nope
guarantee students' safety,http://data.europa.eu/esco/skill/11f536f5-b0e2-46a6-95c1-bd765946604c,Nope
use equipment for hair care,http://data.europa.eu/esco/skill/5f27371a-1cf3-4a81-9faf-12fab80cb3e1,"Cut, perm and colour hair"
provide lesson materials,http://data.europa.eu/esco/skill/d39a5880-7d0a-4573-9f70-a75ff875bf83,Nope
check in passengers,http://data.europa.eu/esco/skill/64ac9e17-fbd3-447e-b771-fa01e2a09210,Nope
identify customer's needs,http://data.europa.eu/esco/skill/68698869-c13c-4563-adc7-118b7644f45d,Nope
use reheating techniques,http://data.europa.eu/esco/skill/a02d7f88-a240-4644-911b-169af470be5a,Operate cooking equipment
maintain bar cleanliness,http://data.europa.eu/esco/skill/c611304c-2b99-4d56-b267-55e403925736,Nope
handle glassware,http://data.europa.eu/esco/skill/1493adef-8342-418b-bf61-87cf8a99c4d7,Nope
devise special promotions,http://data.europa.eu/esco/skill/fef5a450-6230-4a34-b3e3-764252dbdcec,Nope
allocate numbers to clients' belongings,http://data.europa.eu/esco/skill/25886784-2382-4524-88e0-b04c4b5a178c,Nope
detect drug abuse,http://data.europa.eu/esco/skill/e2c81781-19c8-4349-94a2-7ae3a541596a,Nope
sterilise working environment,http://data.europa.eu/esco/skill/06f08810-2cf0-49c7-b1d0-ec981bd074dc,Nope
personal directing styles,http://data.europa.eu/esco/skill/42f977aa-a6eb-4994-b368-d5f26c0fd1fa,Nope
deal with departures in accommodation,http://data.europa.eu/esco/skill/b83669f2-bf53-47ed-af9f-397c5f2dfd4d,Manage people logistically
first response,http://data.europa.eu/esco/skill/eaa4cdc0-43e0-4388-9b8a-e2779218d10e,Nope
demonstrate intercultural competences in hospitality services,http://data.europa.eu/esco/skill/83723a7f-e905-4d6c-82ba-f40ab873883d,Nope
manage campsite supplies,http://data.europa.eu/esco/skill/4481bdde-c960-4b36-82fc-fa768d4474ad,Nope
enforce alcohol drinking laws,http://data.europa.eu/esco/skill/79593e17-a63e-41bf-8f2f-ee9fd86df8a1,Nope
local area tourism industry,http://data.europa.eu/esco/skill/221a3714-9a9e-43a4-869e-184bbea5e32d,Nope
plan menus,http://data.europa.eu/esco/skill/5c6ca864-76d5-4217-b3e1-9a7ba7f8f47b,Nope
set up bar area,http://data.europa.eu/esco/skill/a7478d09-585e-4fac-9ee0-14755f4afa48,Nope
set up the coffee area,http://data.europa.eu/esco/skill/4eaab846-38fb-4a81-9406-204f95280525,Maintain tables clean and ready
food storage,http://data.europa.eu/esco/skill/b4b3b539-81ae-43aa-a540-0e2ea2c7e802,Nope
cooperate with colleagues,http://data.europa.eu/esco/skill/082967d4-b94c-4305-aa13-35a6aa8c5c7c,Nope
support individuals to adjust to physical disability,http://data.europa.eu/esco/skill/eacac7e2-4e88-4bd3-9797-1dd1922cd10a,Nope
skin types,http://data.europa.eu/esco/skill/db85a2ca-04c4-4275-ba7a-b615c3686e09,Nope
demonstrate emergency procedures,http://data.europa.eu/esco/skill/abf620f3-9fa5-4dba-9a37-74eb3efb143d,Nope
serve beverages,http://data.europa.eu/esco/skill/beeaddc7-fe69-4b97-a286-0bd595432eb9,Serve guests
observe student's progress,http://data.europa.eu/esco/skill/3377f3b2-4ba2-457f-b29d-8df59e8cfba8,Nope
communicate verbal instructions,http://data.europa.eu/esco/skill/0f46a403-9606-465f-8247-8ae975ff4f35,Nope
assemble visitor supplies,http://data.europa.eu/esco/skill/f26093e2-494b-45f3-b7d8-38065ab237a7,Nope
communicate by telephone,http://data.europa.eu/esco/skill/de2f0ce8-f8d6-48c5-a213-4d065251cecf,Nope
implement customer follow-up,http://data.europa.eu/esco/skill/50181a4b-1cfd-4fbd-ac9a-c1a494b9c5d0,Nope
treat nails,http://data.europa.eu/esco/skill/5c81d08b-5a60-4582-87dd-7ad82d9c57b5,Perform nail care
manage the customer experience,http://data.europa.eu/esco/skill/4b95c7bb-5672-4e4a-88ea-ba96c12e8ca2,Manage people logistically
extract juices,http://data.europa.eu/esco/skill/66466b34-2353-4589-a697-8154f5d9aef8,Nope
assist students in their learning,http://data.europa.eu/esco/skill/d5e1e30e-44ab-4aba-abab-b8263e801b7a,Nope
lift heavy weights,http://data.europa.eu/esco/skill/ab2bb44a-3956-4028-8715-8b70b1960b99,Nope
on board hazards,http://data.europa.eu/esco/skill/88db9d39-0188-4ef1-a504-35a61f992b4a,Nope
handle personal identifiable information,http://data.europa.eu/esco/skill/5d5ba629-0b4c-424f-8803-000c3736f3f7,Nope
direct amusement park clients,http://data.europa.eu/esco/skill/3b031e83-b561-4a67-ae70-70c3c8808674,Nope
tend amusement park booths,http://data.europa.eu/esco/skill/198ac61d-6820-484e-a0ad-2ca78c9b0ed0,Nope
work safely with chemicals,http://data.europa.eu/esco/skill/89d2bb53-67fc-4b9e-80c7-07b6c587bc0d,Nope
act reliably,http://data.europa.eu/esco/skill/25e16679-a7d0-464d-916c-63210001bbab,Nope
test make-up,http://data.europa.eu/esco/skill/2c6439c2-77a5-436a-b222-5e12d435c3eb,Nope
schedule shifts,http://data.europa.eu/esco/skill/a9e4a63b-6b88-44f6-b37f-94309856f5ba,Nope
maintain cleanliness in the cloak room,http://data.europa.eu/esco/skill/726800bd-0ce5-401c-a13f-2388ab5df796,Nope
follow work schedule,http://data.europa.eu/esco/skill/194c05ed-253c-485a-8bf0-0c8de1aaafda,Nope
apply hair cutting techniques,http://data.europa.eu/esco/skill/96d1e352-6cfe-4400-bd4d-1e11c03aa20b,"Cut, perm and colour hair"
display spirits,http://data.europa.eu/esco/skill/46c05003-0e8c-46f2-a156-8dd5846fa722,Nope
satisfy customers,http://data.europa.eu/esco/skill/8330c86e-63cf-4be6-849f-4f77628cc5c5,Nope
make-up techniques,http://data.europa.eu/esco/skill/8599fe11-e263-4e6c-a4a2-d6e8d2498b5a,Nope
use food preparation techniques,http://data.europa.eu/esco/skill/4b15a965-9bb4-42f1-8e44-1024aeb0b08c,Conduct basic preparatory activities
use different communication channels,http://data.europa.eu/esco/skill/415abd43-e8e5-4643-b5da-5f11307af57a,Nope
take food and beverage orders from customers,http://data.europa.eu/esco/skill/704bed2c-737a-4585-b840-1d28bbcab9b4,Nope
wash hair,http://data.europa.eu/esco/skill/5fce4ae7-bbd6-4d91-9fd9-d7d6b0e6c3da,Wash and style hair
maximise sales revenues,http://data.europa.eu/esco/skill/9f10e94b-a43d-4772-9f60-24e9bbbdedb7,Nope
conduct educational activities,http://data.europa.eu/esco/skill/8af15e52-c743-43da-94aa-c4ea52d4f3e8,Nope
show good manners with players,http://data.europa.eu/esco/skill/7adc8663-d684-4735-82f1-377bad11a8cd,Nope
use hair removal techniques,http://data.europa.eu/esco/skill/c1ce197d-6806-4a4b-871a-ac15451edda7,Remove body hair
follow company standards,http://data.europa.eu/esco/skill/f5f5b244-6cea-4fbc-8a50-8f712791bc09,Nope
build business relationships,http://data.europa.eu/esco/skill/dc72ad0a-c5dc-4abd-bc0d-ca43e82162e1,Nope
geographical areas relevant to tourism,http://data.europa.eu/esco/skill/fa64c52c-08cf-4074-bc9b-a93075802166,Nope
perform services in a flexible manner,http://data.europa.eu/esco/skill/ebfe7b18-1fad-463f-9509-8ef1a5736045,Nope
prepare sandwiches,http://data.europa.eu/esco/skill/493a1805-6caa-4cda-8fd3-6495ec8ea451,Prepare finger food
cook pastry products,http://data.europa.eu/esco/skill/15d5041a-4ff3-4527-ba5c-2445a4fd044a,Prepare desserts
maintain equipment,http://data.europa.eu/esco/skill/5033c2fb-ec55-4b8e-b0a4-9379593f1e1c,Nope
educate customers on coffee varieties,http://data.europa.eu/esco/skill/a8562251-8f76-4217-b738-c348048c0f5d,Nope
assist disabled passengers,http://data.europa.eu/esco/skill/f3a96be9-639d-43e0-aed5-c596980798d6,Nope
receive kitchen supplies,http://data.europa.eu/esco/skill/341cf309-746c-4437-ad14-e0a0ee13eacc,Nope
clean surfaces,http://data.europa.eu/esco/skill/6ff01827-907d-43d8-b6e4-7162c1cf0aca,Nope
serve food in table service,http://data.europa.eu/esco/skill/42a6eff0-e9d9-423d-877b-e48fe91ff26f,Serve guests
prepare alcoholic beverages,http://data.europa.eu/esco/skill/d9895150-fbb5-42ec-8087-8e5d7ed5fcf3,Prepare beverages
hair colouring,http://data.europa.eu/esco/skill/26db1e50-aa8f-407c-87b9-87a48dd4d29a,Nope
attend to children's basic physical needs,http://data.europa.eu/esco/skill/beb952e4-8a9c-47af-8a60-c6eb5c5f25bc,Caring for babies
facilitate motor skill activities,http://data.europa.eu/esco/skill/fb608942-5bf8-4d5f-b22b-7f888b07f849,Nope
identify nutritional properties of food,http://data.europa.eu/esco/skill/2846ad39-6535-48cf-a4c4-64f0ae9066c1,Assess nutritional properties
store kitchen supplies,http://data.europa.eu/esco/skill/b1c87aa4-f4f8-4ca5-a844-c44516483b29,Nope
provide first aid,http://data.europa.eu/esco/skill/1d21f6ad-340f-45da-a0a3-4e83867f47a6,Nope
disability types,http://data.europa.eu/esco/skill/6b28bb69-a6ef-42d4-84df-46e498f09297,Nope
follow directions of the artistic director,http://data.europa.eu/esco/skill/b31ccede-907f-49de-8047-4d851bd4add3,Nope
food and beverages on the menu,http://data.europa.eu/esco/skill/6d1532b4-b649-4089-b665-cf80debf159b,Nope
deliver outstanding service,http://data.europa.eu/esco/skill/7e5786f8-1174-4f75-97e3-cfecfd95d797,Nope
use food cutting tools,http://data.europa.eu/esco/skill/c42d2a2a-2f55-45ac-beb1-0a8a76412457,Nope
work ergonomically,http://data.europa.eu/esco/skill/156f8c5b-894a-4ccc-a70e-37a2726f3f00,Nope
ensure regular maintenance of kitchen equipment,http://data.europa.eu/esco/skill/36a48e03-4466-4ea3-b463-cbce02cbd7bb,Nope
hairdressing,http://data.europa.eu/esco/skill/d2c5d356-43d9-4118-827c-6801e32a452a,Nope
monitor patient's health condition,http://data.europa.eu/esco/skill/e99ddf41-6085-4b91-9de8-8bf251af9ced,Nope
focus on service,http://data.europa.eu/esco/skill/cb15ece1-2afd-488c-852d-0b52c13409ef,Nope
maintain equipment for non-alcoholic drinks,http://data.europa.eu/esco/skill/97c0b4de-0851-4cbb-b184-60cfcf362d82,Nope
manage health and safety standards,http://data.europa.eu/esco/skill/44e2c4c4-9fd2-42d4-a133-d81360ded4bc,Nope
welcome tour groups,http://data.europa.eu/esco/skill/580e21c2-565f-4a91-a90c-83a58564638e,Socialising with people
collect tourist information,http://data.europa.eu/esco/skill/c9885d0c-afac-48a1-88b4-3c3482192947,Nope
give instructions to staff,http://data.europa.eu/esco/skill/1dea2f3a-857c-4fc3-b1f8-d5f2015c46a9,Nope
train guides,http://data.europa.eu/esco/skill/ea7386d0-6437-46d6-a85f-30b35da14f6b,Nope
produce content for tourism brochures,http://data.europa.eu/esco/skill/10dd298f-3fb7-4306-9ecc-45905877ab61,Nope
communicate with customers,http://data.europa.eu/esco/skill/0da516ee-e70e-4384-be13-f5ff80be8127,Interact with customers clearly
assist children with homework,http://data.europa.eu/esco/skill/12efe5f2-f7ec-4f03-b359-afba5b9f62de,Educate children
attend to detail regarding food and beverages,http://data.europa.eu/esco/skill/5ef6d0cf-1ce3-487e-97e6-90670353d030,Nope
perform quick hair changeovers,http://data.europa.eu/esco/skill/808d259b-acce-4ca5-8169-97bb1790f346,Wash and style hair
manage cash flow,http://data.europa.eu/esco/skill/3f0ff149-7726-4205-be63-3c48c5c7cac8,Nope
order supplies,http://data.europa.eu/esco/skill/210827e3-3129-45a2-8683-70399f3f561f,Nope
perform playground surveillance,http://data.europa.eu/esco/skill/b1d75e36-64d3-4000-bd9c-14899bea87e2,Nope
comply with food safety and hygiene,http://data.europa.eu/esco/skill/0ff99f51-40d9-42f1-a1ec-377b2bb5e15f,Nope
accommodate special seating,http://data.europa.eu/esco/skill/e32a8119-ca4e-48be-9470-6d45b5a7219f,Nope
cosmetic manicure,http://data.europa.eu/esco/skill/24bd5079-e4f3-4bff-8ed7-7540080ce7ec,Nope
carry out inventory control accuracy,http://data.europa.eu/esco/skill/53815c73-d352-4d4d-92cb-fb7020cbd8e6,Nope
curl hair,http://data.europa.eu/esco/skill/9f76644e-45ce-424e-91dc-064cb166b323,Wash and style hair
control of expenses,http://data.europa.eu/esco/skill/e1f5c539-7c93-49ee-917d-a24e0d887686,Nope
buy groceries,http://data.europa.eu/esco/skill/71deea7b-d8a0-42de-9d85-2d6a506dade4,Nope
oversee guest laundry service,http://data.europa.eu/esco/skill/10411953-14de-40b2-b959-809605113a75,Nope
maintain reception area,http://data.europa.eu/esco/skill/59b2d857-dd1c-4596-925e-219c0ebf9c5d,Nope
greet guests,http://data.europa.eu/esco/skill/26a6e6d2-1c9a-4d7e-8c04-5ba16d1f53da,Socialising with people
explain features in accommodation venue,http://data.europa.eu/esco/skill/012f9ad1-b95b-42f1-b2c7-3793cdbce443,Provide information clearly
learning difficulties,http://data.europa.eu/esco/skill/731101d9-94bc-4805-bff4-9578d1bf03b5,Nope
create solutions to problems,http://data.europa.eu/esco/skill/03b9b491-fc9b-4868-914a-bf7cd47b5041,Nope
apply fashion trends to footwear and leather goods,http://data.europa.eu/esco/skill/ec3e024f-87e8-4e92-a3e9-177cb9638a3e,Nope
maintain relationship with customers,http://data.europa.eu/esco/skill/2239694b-771a-4586-8b54-2794e361a9ae,Nope
cancellation policies of service providers,http://data.europa.eu/esco/skill/e307e333-426d-4e7e-81f0-16cff013a20f,Nope
assist passengers,http://data.europa.eu/esco/skill/8488927c-e4ba-4781-8b97-453ca50e7552,Provide assistance to people
cook seafood,http://data.europa.eu/esco/skill/4cca4ccf-b956-4561-af8e-151b66af9631,Cook meat and fish
operate electronic payment terminals,http://data.europa.eu/esco/skill/1558e8f3-67c9-4be6-bf2c-c5ab7b6de5f9,Nope
provide visitor information,http://data.europa.eu/esco/skill/1c388c1a-2a84-4377-a99a-860323eeff1d,Provide information clearly
tend to elderly people,http://data.europa.eu/esco/skill/261e740b-d32d-4356-94a8-3ea29128b70b,Tend to elderly people
ensure continuity in the styling of artists,http://data.europa.eu/esco/skill/58b934cc-b243-4267-b2b8-5c7babe95728,Nope
handle delivered packages,http://data.europa.eu/esco/skill/e1f2f22f-3248-4eb2-83a6-c6f7c4437c5c,Nope
handle veterinary emergencies,http://data.europa.eu/esco/skill/cde1ed83-8527-4ad1-9d26-7d8ccb2e8b03,Nope
support the positiveness of youths,http://data.europa.eu/esco/skill/4a874516-eb34-4dc1-833d-864c5a448db2,Nope
manage tourist groups,http://data.europa.eu/esco/skill/a7c51c48-802c-44ee-a40e-79b18b1d4365,Managing groups of people
wash the laundry,http://data.europa.eu/esco/skill/04838ae5-a737-48a0-a782-3d1b6b6cb75b,Nope
disseminate messages to people,http://data.europa.eu/esco/skill/81dc035c-921b-4fea-a453-94538e86097c,Nope
follow organisational guidelines in the cleaning industry,http://data.europa.eu/esco/skill/bef359eb-b3f1-4315-b2ec-72a112060196,Nope
recreation activities,http://data.europa.eu/esco/skill/7ba2ce03-ac36-4cf5-9383-e665ed0d86c3,Nope
serve wines,http://data.europa.eu/esco/skill/44773391-78b7-4500-b421-96a9ca622a99,Serve guests
check dining room cleanliness,http://data.europa.eu/esco/skill/ea4a7e5e-923d-4a15-ad55-362a3ff41641,Nope
manage student relationships,http://data.europa.eu/esco/skill/44da96fe-26a3-4a32-9a0f-c49614bb7298,Nope
cook dairy products,http://data.europa.eu/esco/skill/e603669a-dd2b-4309-9e20-57f61967ba03,Cook vegetables and dairy products
conform to cosmetics regulatory requirements,http://data.europa.eu/esco/skill/89fb79b7-a350-4c5f-ad4b-b96a0cd05dc2,Nope
perform customer management,http://data.europa.eu/esco/skill/91306a20-9b81-4f3d-97eb-f5368b607da7,Manage people logistically
deal with aggressive behaviour,http://data.europa.eu/esco/skill/f6c12779-bd4c-4908-a766-dd0db556c63b,Nope
give constructive feedback,http://data.europa.eu/esco/skill/b9bb1f03-15e2-4079-943e-7e483b21725b,Nope
provide performance feedback,http://data.europa.eu/esco/skill/ace994b7-0c7c-44b2-8087-3aa0bfd2a93a,Nope
check in luggage,http://data.europa.eu/esco/skill/2945dc58-5b5c-4023-97ee-34ec05905b81,Nope
provide customer follow-up,http://data.europa.eu/esco/skill/ccb0809c-d045-4621-82f7-192b9e89a4f2,Nope
implement care programmes for children,http://data.europa.eu/esco/skill/6b58a6d2-89cf-4ab5-bb62-eb29ae968934,Educate children
establish customer rapport,http://data.europa.eu/esco/skill/cd990eab-c6a9-4c11-b17d-b12a98f6573b,Nope
composition of diets,http://data.europa.eu/esco/skill/6b69101a-0e51-45c6-a7e5-5a60a1c85da0,Nope
collect visitor fees,http://data.europa.eu/esco/skill/28e2ad4e-3b4e-4a76-aaa2-f33d02a4797c,Nope
assist social service users with physical disabilities,http://data.europa.eu/esco/skill/8ef1b45e-8499-4b1b-91f7-f8278bbb7767,Personal care
assist clients with special needs,http://data.europa.eu/esco/skill/b6b2e665-1085-4f4d-9973-e979721815d7,Work with special needs
trends in fashion,http://data.europa.eu/esco/skill/1b10c3de-1284-4c89-a9f9-762ad51a6ad7,Nope
distribute programmes at the venue,http://data.europa.eu/esco/skill/afb5a627-d890-44a9-908a-3b6071945afb,Nope
check passenger tickets,http://data.europa.eu/esco/skill/6969bcc6-93f1-4afd-bad8-64ed72c9b041,Nope
register visitors,http://data.europa.eu/esco/skill/cccf3cf0-8971-4034-b2eb-35c819c3bdb2,Nope
advise on clothing style,http://data.europa.eu/esco/skill/cd76316c-23e5-449a-a0c4-598bf7ee1a5a,Nope
process booking,http://data.europa.eu/esco/skill/345486f3-f265-4fc8-8ed0-5e96e768e333,Nope
wash the dishes,http://data.europa.eu/esco/skill/c662be22-f17a-4ba0-894f-d720b20c44cf,Nope
communicate reports provided by passengers,http://data.europa.eu/esco/skill/53a1a19b-8b61-481a-9791-70345fb6a335,Nope
consult with production director,http://data.europa.eu/esco/skill/24229e89-9e1d-4c1a-ae23-c64777b152ce,Nope
maintain cleaning equipment,http://data.europa.eu/esco/skill/7b4bc709-5888-4f78-bbaf-fb760d4e2e4b,Nope
promote yourself,http://data.europa.eu/esco/skill/a04c2655-5996-4744-bca2-4f4c8b3e4667,Nope
sell post office products,http://data.europa.eu/esco/skill/709260b4-184a-4f9e-8a9b-f97cd1934a37,Nope
work according to recipe,http://data.europa.eu/esco/skill/a0d96ce8-aeeb-4ffb-bd78-21c0598179ff,Nope
follow ethical code of conduct in tourism,http://data.europa.eu/esco/skill/deb31109-4bc6-4aa8-8ca1-d2c422403e03,Nope
clean rooms,http://data.europa.eu/esco/skill/7bb01a18-4637-4535-ba18-258f48f705b8,Nope
handle bar equipment,http://data.europa.eu/esco/skill/bea04ae5-1f6c-4ceb-b5a6-3bfe2482158a,Prepare beverages
entertain guests interactively,http://data.europa.eu/esco/skill/503152fb-17d0-49e4-8b0b-2af8d7e77be4,Nope
seat customers according to the waiting list,http://data.europa.eu/esco/skill/44710f95-262e-481c-be41-495b9aae8ef4,Interacting with people
monitor visitor tours,http://data.europa.eu/esco/skill/098b2a54-8394-43d6-b5bd-91f6934fc582,Nope
sell tickets,http://data.europa.eu/esco/skill/2d823e3d-7b19-46d9-88a8-31bacac76a5d,Nope
children's physical development,http://data.europa.eu/esco/skill/3ff9d956-3e26-40d1-ae0e-f5f247943042,Nope
handle petty cash,http://data.europa.eu/esco/skill/63321ecf-4fc6-44d9-88f1-5373a4f3038a,Nope
older adults' needs,http://data.europa.eu/esco/skill/634865e0-2ec2-4b7f-bb7f-c196637f0f7b,Nope
provide food and beverages,http://data.europa.eu/esco/skill/ecb34d35-867f-4b7e-97cb-0ff2f1710857,Serve guests
have computer literacy,http://data.europa.eu/esco/skill/d15ce60f-ddab-41ce-ba56-398451b77b60,Nope
promote human rights,http://data.europa.eu/esco/skill/646d871b-4503-4dc8-a076-06d7085e4cde,Nope
develop entertainment programmes,http://data.europa.eu/esco/skill/e985bd67-6a1b-4096-b706-6c99d7f60116,Nope
execute opening and closing procedures,http://data.europa.eu/esco/skill/e5a6d7a7-f275-4e3a-be59-ea7c134944a6,Nope
prepare ready-made dishes,http://data.europa.eu/esco/skill/b72395ea-623b-4204-abef-a67592b0781a,Conduct basic preparatory activities
read maps,http://data.europa.eu/esco/skill/3172f001-a4dd-4e7e-9f74-9707b2e7c6e1,Nope
create new recipes,http://data.europa.eu/esco/skill/c19c5b7d-ce2f-451f-9ae3-59cf823aa490,Nope
dye hair,http://data.europa.eu/esco/skill/dbc20527-0852-4dde-a2e9-d25d8356115f,"Cut, perm and colour hair"
escort visitors to places of interest,http://data.europa.eu/esco/skill/a0c277a6-1ca6-4798-a5c9-cd199dbdff45,Managing groups of people
barbering techniques,http://data.europa.eu/esco/skill/98b28b00-81e6-41f0-8283-2335c9f5d3f3,Nope
adhere to organisational guidelines,http://data.europa.eu/esco/skill/aa238394-8126-4ada-be2f-9dfe065cf314,Nope
provide amusement park information,http://data.europa.eu/esco/skill/b31816f3-0591-46d1-8364-d273bd404c04,Provide information clearly
think creatively about food and beverages,http://data.europa.eu/esco/skill/4cc3ae6a-c53e-4113-aced-41476cd22eb3,Nope
assist visitors,http://data.europa.eu/esco/skill/6e4f29f5-3904-4e1e-9c5f-c158c5e197bf,Provide assistance to people
iron textiles,http://data.europa.eu/esco/skill/562b1180-83e7-4041-8468-2f28d03b7893,Nope
monitor amusement park safety,http://data.europa.eu/esco/skill/7df446fb-7e76-4a7e-9954-88706be77c27,Nope
collect customer data,http://data.europa.eu/esco/skill/a3e7ebba-5183-4df8-9203-35b9b9b8f4fa,Nope
serve beers,http://data.europa.eu/esco/skill/eae7d1fd-8011-476e-9762-200d4162f957,Serve guests
work in a hospitality team,http://data.europa.eu/esco/skill/8c8da904-cdb3-47d9-bfbf-15ade747d9ec,Nope
process payments,http://data.europa.eu/esco/skill/bdcac0c8-b77a-4640-9eaf-c0cf3efd1e23,Nope
assist amusement park visitors,http://data.europa.eu/esco/skill/38efd8de-d313-4aa5-abc0-cefa5ec64002,Provide assistance to people
maintain relationship with suppliers,http://data.europa.eu/esco/skill/3cd35f5d-ce6d-4f14-9a09-53d7a28d834c,Nope
deliver correspondence,http://data.europa.eu/esco/skill/df1265b9-81fd-4a40-a746-f0442ffbf7ef,Nope
dispose waste,http://data.europa.eu/esco/skill/5e433def-210d-4dfa-bf07-dbf6d04e0eaa,Nope
take care of personal appearance,http://data.europa.eu/esco/skill/4a901e05-5bc4-45d1-8f52-dbf48c555bdd,Perform skin care
primary school procedures,http://data.europa.eu/esco/skill/74bb0643-a15f-48ea-b12c-d98bf49cb317,Nope
take payments for bills,http://data.europa.eu/esco/skill/798d60b0-b089-4035-94b2-a26386aa7d5a,Nope
ensure cross-department cooperation,http://data.europa.eu/esco/skill/b216d9a2-7d4e-4312-8d05-e375f4ab44d8,Nope
maintain customer service,http://data.europa.eu/esco/skill/75dfe1ee-5935-42ce-b820-697f827825c3,Nope
customer service,http://data.europa.eu/esco/skill/15a33d76-4640-438d-ae64-fdc0c1d3eebc,Nope
handover the food preparation area,http://data.europa.eu/esco/skill/9ccd8da7-733b-4aff-a49f-94c390aeb618,Nope
treat scalp conditions,http://data.europa.eu/esco/skill/3578782a-fbbd-4183-a97c-1e69ef93bad6,Advise on treatment of minor problems with the hair or scalp
cook fish,http://data.europa.eu/esco/skill/d01ea580-9718-4299-a6fd-08ea6d171a1b,Cook meat and fish
manage maintenance operations,http://data.europa.eu/esco/skill/c5bc42be-4970-4dce-80e2-af78bae42e84,Nope
make logistical arrangements,http://data.europa.eu/esco/skill/7c32a84c-2733-4bc7-8909-3b3413c9cc88,Organisational skills
manage staff,http://data.europa.eu/esco/skill/339ac029-066a-4985-9f9d-b3d7c8fea0bb,Nope
coordinate efforts of stakeholders for destination promotion,http://data.europa.eu/esco/skill/d507a6e9-99e5-4e4a-b431-66ec390db2db,Nope
evaluate older adults' ability to take care of themselves,http://data.europa.eu/esco/skill/b4910ea9-578d-4767-bd68-00a315a64e09,Nope
alcoholic beverage products,http://data.europa.eu/esco/skill/1e9bd245-3118-45e0-83e4-751f2ce556e5,Nope
air transport law,http://data.europa.eu/esco/skill/b293aa52-8ead-42b7-96ef-de4fb0654c28,Nope
provide information to passengers,http://data.europa.eu/esco/skill/84fc058f-3a38-4a87-86c1-ce906660af31,Provide information clearly
educate customers on tea varieties,http://data.europa.eu/esco/skill/131d6a9e-6dd8-4c7d-bb19-a222a9ad16f1,Nope
shape nails,http://data.europa.eu/esco/skill/8afc36b7-9a70-44cb-95df-6625e76ca89d,Perform nail care
operate cash register,http://data.europa.eu/esco/skill/0cb013af-6dd9-4fb2-b34e-63dda1a5cf82,Nope
maintain personal hygiene standards,http://data.europa.eu/esco/skill/0e21e183-e787-4f23-a240-93b416c088c2,Nope
hair products,http://data.europa.eu/esco/skill/efb0eff5-ca8d-4638-b119-0c14a953f77c,Nope
run errands on behalf of customers,http://data.europa.eu/esco/skill/82c1ddba-af60-4061-a572-b33fc71d1baa,Nope
hair,http://data.europa.eu/esco/skill/c76d86b3-9860-4bc0-996d-cc724c669bcf,Nope
encourage students to acknowledge their achievements,http://data.europa.eu/esco/skill/f5dc20ae-8b2f-4c9b-b4fa-e9e8c81dbcf4,Nope
make the beds,http://data.europa.eu/esco/skill/e0c6fdd1-336a-4e2f-91d1-ab4a2f9c385d,Nope
maintain logbooks,http://data.europa.eu/esco/skill/3aeab77e-daa2-4851-95fc-d236c3b5718e,Nope
supervise children,http://data.europa.eu/esco/skill/f8d4a24c-fb62-444e-9525-7aa5662f440d,Spending time with children
finish project within budget,http://data.europa.eu/esco/skill/7d092d81-d1e2-4c34-b3cb-c1c9f2e68b7d,Nope
foot problems,http://data.europa.eu/esco/skill/6594cf0c-b2bd-4b28-88a0-8966ffe687b6,Nope
allocate locker space,http://data.europa.eu/esco/skill/2dde0f6e-fa08-4c0e-b55b-0dd9f061d6d5,Nope
apply numeracy skills,http://data.europa.eu/esco/skill/5dd01a1e-7ba0-4b7f-a76c-ed811c12bfde,Nope
decorate nails,http://data.europa.eu/esco/skill/4ff89a5c-b4be-491e-aaa2-3f31fb00a2d5,Perform nail care
apply nail polish,http://data.europa.eu/esco/skill/b8c301a1-e00e-4c68-82e7-9540762d5481,Perform nail care
inform customers of activity changes,http://data.europa.eu/esco/skill/64c813d6-f73a-4f55-8154-8fef4ef54ec7,Provide information clearly
follow ethical code of conduct of gambling,http://data.europa.eu/esco/skill/45205440-fa65-44e0-a719-e89278dd723a,Nope
relate empathetically,http://data.europa.eu/esco/skill/996243ee-543f-4c36-a31a-e0f2403c0c5d,Nope
slice fish,http://data.europa.eu/esco/skill/213873ff-2b1e-47ce-bd00-84fe82864449,"Prepare meat, fish, eggs and dairy products"
administer appointments,http://data.europa.eu/esco/skill/933e7ccf-5d56-46ba-aca4-857f826a6b3a,Nope
prepare specialised coffee,http://data.europa.eu/esco/skill/a37afd64-1022-48ba-a8e7-e41b29fe056e,Prepare specialised coffee
handle kitchen equipment according to the requirements,http://data.europa.eu/esco/skill/32adf439-5bbc-4759-8f05-fbaacdac60a6,Operate cooking equipment
apply first response,http://data.europa.eu/esco/skill/0dcea846-04b4-4ffc-8c75-a35c991454b1,Nope
empathise with the healthcare user,http://data.europa.eu/esco/skill/2475cd27-8d6c-4318-a364-21395b23acba,Nope
maintain customer records,http://data.europa.eu/esco/skill/c753a3b5-d5cc-406d-adfe-3372bb267f4b,Nope
keep task records,http://data.europa.eu/esco/skill/43b13058-68d0-40c6-8031-caf5a7b7d20c,Nope
maintain a safe- hygienic and secure working environment,http://data.europa.eu/esco/skill/c87c5366-c9a9-4205-8333-4938a9c384ad,Nope
assist customers,http://data.europa.eu/esco/skill/61970f8b-099c-4e7e-82e0-9ccdced0baf3,Provide assistance to people
air passenger behaviour,http://data.europa.eu/esco/skill/75151b44-d942-408a-a7e8-d72bee95227b,Nope
support social service users to live at home,http://data.europa.eu/esco/skill/941438bd-cc03-4326-91bf-677157dca170,Nope
handle guest luggage,http://data.europa.eu/esco/skill/f8180a0a-fba3-43de-bab2-f25cb9d64ad7,Nope
manage children's problems,http://data.europa.eu/esco/skill/07090471-265a-48ec-b744-72b357e801ed,Nope
style hair,http://data.europa.eu/esco/skill/0b6c4174-a862-480d-8d55-44f7cf7ac365,Wash and style hair
facilitate safe disembarkation of passengers,http://data.europa.eu/esco/skill/1ce3af48-b15f-4851-8db6-cbbdc49ad19b,Manage people physically
determine skin type,http://data.europa.eu/esco/skill/c4671551-a0f8-49fd-92fd-c190863a0154,Perform skin care
perform clerical duties,http://data.europa.eu/esco/skill/ab986bc4-df92-4351-9ac1-aa75af943cf7,Nope
prepare desserts,http://data.europa.eu/esco/skill/a78b60d6-6cde-4da6-9c48-39bc7396ab16,Prepare desserts
translate artistic concepts to technical designs,http://data.europa.eu/esco/skill/88de5ff4-310a-4f4f-9b47-349eb5589902,Nope
